SppName_ICTV_MSL2018b,hOrder,CFR_deaths,CFR_cases,CFR_country,CFR_timeline,CFR_avg,CFR_references,phylo_dist,vFamily,IsVectorBorne,spill_type,VirusFamilyPublicationCount,ReservoirPublicationCount,reason_deleted_from_primary_database,ref_reason_deleted_from_primary_database,VirusSppPublicationCount,ReservoirNspecies,cat,emergence_year,death_count_start,death_count_end,death_period,emergence_country,emergence_continent,death_burden_since_1950,death_burden_notes,death_burden_references,vaccination_effects,vaccine_notes,vaccination_references,reservoir.status,spillover.capacity,CFR_stat_lower,CFR_stat_upper,CFR_stat_notes,CFR_stat_ref,CFR_case_prop,CFR_country_specific,CFR_country_references,deaths_per_outbreak,cases_per_outbreak,outbreak_country,outbreak_year,outbreak_source,notes,human.trans,Tr.primary,GenomeType,class,tot_cases,GDP,country_case_prop,contr_GDP,weighted_GDP,ExclusiveCytoplasmicReplication
Flexal mammarenavirus,RODENTIA,0,2,Brazil,not_specified,0,CFSPH 2010,179.65,Arenaviridae,0,laboratory_only,875,451,laboratory_only,CFSPH 2010,30,2368,loose,NA,NA,NA,NA,NA,NA,NA,NA,NA,NA,NA,NA,NA,NA,NA,NA,NA,NA,NA,NA,NA,NA,NA,NA,NA,NA,NA,NA,NA,NA,NA,NA,NA,NA,NA,NA,NA
Kasokero orthonairovirus,CHIROPTERA,0,4,Uganda,1977,0,Kalunda et al. 1986,192.92,Nairoviridae,0,laboratory_only,101,512,laboratory_only,Kalunda et al. 1986,0,1308,loose,NA,NA,NA,NA,NA,NA,NA,NA,NA,NA,NA,NA,NA,NA,NA,NA,NA,NA,NA,NA,NA,NA,NA,NA,NA,NA,NA,NA,NA,NA,NA,NA,NA,NA,NA,NA,NA
Tacaribe mammarenavirus,CHIROPTERA,0,1,not_specified,not_specified,0,Cogswell-Hawkinson et al. 2012,192.92,Arenaviridae,0,laboratory_only,875,512,laboratory_only,Cogswell-Hawkinson et al. 2012,263,1308,loose,NA,NA,NA,NA,NA,NA,NA,NA,NA,NA,NA,NA,NA,NA,NA,NA,NA,NA,NA,NA,NA,NA,NA,NA,NA,NA,NA,NA,NA,NA,NA,NA,NA,NA,NA,NA,NA
Yaba monkey tumor virus,PRIMATES,0,1,not_specified,1962,0,Wedum 1997,0,Poxviridae,0,laboratory_only,1531,1442,laboratory_only,Wedum 1997,86,502,loose,NA,NA,NA,NA,NA,NA,NA,NA,NA,NA,NA,NA,NA,NA,NA,NA,NA,NA,NA,NA,NA,NA,NA,NA,NA,NA,NA,NA,NA,NA,NA,NA,NA,NA,NA,NA,NA
Mucambo virus,RODENTIA,0,2,not_specified,not_specified,0,Mucha-Macias et al. 1965,179.65,Togaviridae,1,laboratory_only,2327,451,laboratory_only,Mucha-Macias et al. 1965,41,2368,loose,NA,NA,NA,NA,NA,NA,NA,NA,NA,NA,NA,NA,NA,NA,NA,NA,NA,NA,NA,NA,NA,NA,NA,NA,NA,NA,NA,NA,NA,NA,NA,NA,NA,NA,NA,NA,NA
Rio Bravo virus,CHIROPTERA,0,5,not_specified,1956,0,Sulkin et al. 1962,192.92,Flaviviridae,1,laboratory_only,8265,512,laboratory_only,Sulkin et al. 1962,59,1308,loose,NA,NA,NA,NA,NA,NA,NA,NA,NA,NA,NA,NA,NA,NA,NA,NA,NA,NA,NA,NA,NA,NA,NA,NA,NA,NA,NA,NA,NA,NA,NA,NA,NA,NA,NA,NA,NA
Highlands J virus,AVES,0,4,USA,1990-1991,0,Meehan et al. 2000,623.81,Togaviridae,1,direct,2327,326,serological_evidence_only,Meehan et al. 2000,49,6264,loose,NA,NA,NA,NA,NA,NA,NA,NA,NA,NA,NA,NA,NA,NA,NA,NA,NA,NA,NA,NA,NA,NA,NA,NA,NA,NA,NA,NA,NA,NA,NA,NA,NA,NA,NA,NA,NA
Bagaza virus,AVES,0,8,India,1996,0,Bondre et al. 2009; Weissenbock et al. 2010,623.81,Flaviviridae,1,direct,8265,262,serological_evidence_only,Faye et al. 2018,66,6264,loose,NA,NA,NA,NA,NA,NA,NA,NA,NA,NA,NA,NA,NA,NA,NA,NA,NA,NA,NA,NA,NA,NA,NA,NA,NA,NA,NA,NA,NA,NA,NA,NA,NA,NA,NA,NA,NA
Cali mammarenavirus,RODENTIA,0,2,Colombia,1965-1969,0,Trapido et al. 1971,179.65,Arenaviridae,0,direct,875,451,serological_evidence_only,Liang et al. 2009,341,2368,loose,NA,NA,NA,NA,NA,NA,NA,NA,NA,NA,NA,NA,NA,NA,NA,NA,NA,NA,NA,NA,NA,NA,NA,NA,NA,NA,NA,NA,NA,NA,NA,NA,NA,NA,NA,NA,NA
Cardiovirus A,RODENTIA,0,1010,China,not_specified,0,SHiC 2015. https://www.cfsph.iastate.edu/pdf/shic-factsheet-encephalomyocarditis-virus; Feng et al. 2015,179.65,Picornaviridae,0,direct,4682,451,serological_evidence_only,SHiC 2015. https://www.cfsph.iastate.edu/pdf/shic-factsheet-encephalomyocarditis-virus; Feng et al. 2015,12,2368,loose,NA,NA,NA,NA,NA,NA,NA,NA,NA,NA,NA,NA,NA,NA,NA,NA,NA,NA,NA,NA,NA,NA,NA,NA,NA,NA,NA,NA,NA,NA,NA,NA,NA,NA,NA,NA,NA
Human mastadenovirus B,PRIMATES,0,6,USA,2013,0,Borkenhagen et al. 2019,0,Adenoviridae,0,direct,891,1442,serological_evidence_only,Borkenhagen et al. 2019,24,502,loose,NA,NA,NA,NA,NA,NA,NA,NA,NA,NA,NA,NA,NA,NA,NA,NA,NA,NA,NA,NA,NA,NA,NA,NA,NA,NA,NA,NA,NA,NA,NA,NA,NA,NA,NA,NA,NA
Human mastadenovirus C,PRIMATES,0,6,USA,2013,0,Borkenhagen et al. 2019,0,Adenoviridae,0,direct,891,1442,serological_evidence_only,Borkenhagen et al. 2019,54,502,loose,NA,NA,NA,NA,NA,NA,NA,NA,NA,NA,NA,NA,NA,NA,NA,NA,NA,NA,NA,NA,NA,NA,NA,NA,NA,NA,NA,NA,NA,NA,NA,NA,NA,NA,NA,NA,NA
Human mastadenovirus E,PRIMATES,0,6,USA,2013,0,Borkenhagen et al. 2019,0,Adenoviridae,0,direct,891,1442,serological_evidence_only,Borkenhagen et al. 2019,15,502,loose,NA,NA,NA,NA,NA,NA,NA,NA,NA,NA,NA,NA,NA,NA,NA,NA,NA,NA,NA,NA,NA,NA,NA,NA,NA,NA,NA,NA,NA,NA,NA,NA,NA,NA,NA,NA,NA
Carnivore amdoparvovirus 1,CARNIVORA,0,2,Denmark,1963-1965,0,Jepsen et al. 2009,192.92,Parvoviridae,0,direct,1288,402,serological_evidence_only,Jepsen et al. 2009,9,288,loose,NA,NA,NA,NA,NA,NA,NA,NA,NA,NA,NA,NA,NA,NA,NA,NA,NA,NA,NA,NA,NA,NA,NA,NA,NA,NA,NA,NA,NA,NA,NA,NA,NA,NA,NA,NA,NA
Equine rhinitis A virus,PERISSODACTYLA,0,4,Austria,not_specified,0,Kriegshauser et al. 2005,192.92,Picornaviridae,0,direct,4682,120,serological_evidence_only,Kriegshauser et al. 2005,36,24,loose,NA,NA,NA,NA,NA,NA,NA,NA,NA,NA,NA,NA,NA,NA,NA,NA,NA,NA,NA,NA,NA,NA,NA,NA,NA,NA,NA,NA,NA,NA,NA,NA,NA,NA,NA,NA,NA
Erbovirus A,PERISSODACTYLA,0,5,Austria,not_specified,0,Kriegshauser et al. 2005,192.92,Picornaviridae,0,direct,4682,120,serological_evidence_only,Kriegshauser et al. 2005,18,24,loose,NA,NA,NA,NA,NA,NA,NA,NA,NA,NA,NA,NA,NA,NA,NA,NA,NA,NA,NA,NA,NA,NA,NA,NA,NA,NA,NA,NA,NA,NA,NA,NA,NA,NA,NA,NA,NA
Everglades virus,RODENTIA,0,20,United States,1969-1972,0,Ventura et al. 1974,179.65,Togaviridae,1,direct,2327,451,serological_evidence_only,Ventura et al. 1974,40,2368,loose,NA,NA,NA,NA,NA,NA,NA,NA,NA,NA,NA,NA,NA,NA,NA,NA,NA,NA,NA,NA,NA,NA,NA,NA,NA,NA,NA,NA,NA,NA,NA,NA,NA,NA,NA,NA,NA
Madariaga virus,RODENTIA,0,1,Panama,2010,0,Luciani et al. 2015,179.65,Togaviridae,1,direct,2327,451,serological_evidence_only,Luciani et al. 2015,27,2368,loose,NA,NA,NA,NA,NA,NA,NA,NA,NA,NA,NA,NA,NA,NA,NA,NA,NA,NA,NA,NA,NA,NA,NA,NA,NA,NA,NA,NA,NA,NA,NA,NA,NA,NA,NA,NA,NA
Mobala mammarenavirus,RODENTIA,0,7,Central African Republic,not_specified,0,Georges et al. 1984,179.65,Arenaviridae,0,direct,875,451,serological_evidence_only,Gunther et al. 2009,50,2368,loose,NA,NA,NA,NA,NA,NA,NA,NA,NA,NA,NA,NA,NA,NA,NA,NA,NA,NA,NA,NA,NA,NA,NA,NA,NA,NA,NA,NA,NA,NA,NA,NA,NA,NA,NA,NA,NA
Modoc virus,RODENTIA,0,3,Canada,1976,0,Zarnke et al. 1985,179.65,Flaviviridae,0,direct,8265,451,serological_evidence_only,Zarnke and Yuill 1985,104,2368,loose,NA,NA,NA,NA,NA,NA,NA,NA,NA,NA,NA,NA,NA,NA,NA,NA,NA,NA,NA,NA,NA,NA,NA,NA,NA,NA,NA,NA,NA,NA,NA,NA,NA,NA,NA,NA,NA
Palyam virus,CETARTIODACTYLA,0,11,Zimbabwe,1969-1977,0,Whistler et al 1989,192.92,Reoviridae,1,direct,2261,95,serological_evidence_only,Whistler et al 1989,25,339,loose,NA,NA,NA,NA,NA,NA,NA,NA,NA,NA,NA,NA,NA,NA,NA,NA,NA,NA,NA,NA,NA,NA,NA,NA,NA,NA,NA,NA,NA,NA,NA,NA,NA,NA,NA,NA,NA
Pestivirus A,CETARTIODACTYLA,0,180,Zambia,not_specified,0,Giangaspero et al. 1993,192.92,Flaviviridae,0,direct,8265,95,serological_evidence_only,Alekseev et al. 2008,13,339,loose,NA,NA,NA,NA,NA,NA,NA,NA,NA,NA,NA,NA,NA,NA,NA,NA,NA,NA,NA,NA,NA,NA,NA,NA,NA,NA,NA,NA,NA,NA,NA,NA,NA,NA,NA,NA,NA
Pixuna virus,RODENTIA,0,15,Argentina,2007,0,Pisano et al. 2013,179.65,Togaviridae,1,direct,2327,451,serological_evidence_only,Pisano et al. 2013,23,2368,loose,NA,NA,NA,NA,NA,NA,NA,NA,NA,NA,NA,NA,NA,NA,NA,NA,NA,NA,NA,NA,NA,NA,NA,NA,NA,NA,NA,NA,NA,NA,NA,NA,NA,NA,NA,NA,NA
Simian immunodeficiency virus,PRIMATES,0,2,United States,1992,0,Khabbaz et al. 1994,0,Retroviridae,0,direct,1461,1442,serological_evidence_only,Khabbaz et al. 1994,6632,502,loose,NA,NA,NA,NA,NA,NA,NA,NA,NA,NA,NA,NA,NA,NA,NA,NA,NA,NA,NA,NA,NA,NA,NA,NA,NA,NA,NA,NA,NA,NA,NA,NA,NA,NA,NA,NA,NA
Thailand orthohantavirus,RODENTIA,0,8,Sri Lanka,2008,0,Gamage et al. 2010,179.65,Bunyaviridae,0,direct,99,451,serological_evidence_only,Gamage et al. 2010,70,2368,loose,NA,NA,NA,NA,NA,NA,NA,NA,NA,NA,NA,NA,NA,NA,NA,NA,NA,NA,NA,NA,NA,NA,NA,NA,NA,NA,NA,NA,NA,NA,NA,NA,NA,NA,NA,NA,NA
Thottopalayam thottimvirus,EULIPOTYPHLA,0,12,India,1992-1993,0,Song et al. 2007,192.92,Bunyaviridae,0,direct,99,132,serological_evidence_only,Song et al. 2007,0,428,loose,NA,NA,NA,NA,NA,NA,NA,NA,NA,NA,NA,NA,NA,NA,NA,NA,NA,NA,NA,NA,NA,NA,NA,NA,NA,NA,NA,NA,NA,NA,NA,NA,NA,NA,NA,NA,NA
Tioman pararubulavirus,CHIROPTERA,0,5,Malaysia,2001,0,Yaiw et al. 2007,192.92,Paramyxoviridae,0,direct,3526,512,serological_evidence_only,Iehle et al. 2007,0,1308,loose,NA,NA,NA,NA,NA,NA,NA,NA,NA,NA,NA,NA,NA,NA,NA,NA,NA,NA,NA,NA,NA,NA,NA,NA,NA,NA,NA,NA,NA,NA,NA,NA,NA,NA,NA,NA,NA
Una virus,PRIMATES,0,3,Argentina,2001,0,Diaz et al. 2003,0,Togaviridae,1,direct,2327,1442,serological_evidence_only,Diaz et al. 2003,31,502,loose,NA,NA,NA,NA,NA,NA,NA,NA,NA,NA,NA,NA,NA,NA,NA,NA,NA,NA,NA,NA,NA,NA,NA,NA,NA,NA,NA,NA,NA,NA,NA,NA,NA,NA,NA,NA,NA
Dugbe orthonairovirus,CETARTIODACTYLA,0,1,South Africa,1980-1993,0,Burt et al. 1996,192.92,Nairoviridae,1,direct,101,95,serological_evidence_only,Burt et al. 1996,113,339,loose,NA,NA,NA,NA,NA,NA,NA,NA,NA,NA,NA,NA,NA,NA,NA,NA,NA,NA,NA,NA,NA,NA,NA,NA,NA,NA,NA,NA,NA,NA,NA,NA,NA,NA,NA,NA,NA
Isfahan vesiculovirus,RODENTIA,0,100,Iran,1975,0,Tesh et al. 1977,179.65,Rhabdoviridae,1,direct,1931,451,serological_evidence_only,Tesh et al. 1977,6,2368,loose,NA,NA,NA,NA,NA,NA,NA,NA,NA,NA,NA,NA,NA,NA,NA,NA,NA,NA,NA,NA,NA,NA,NA,NA,NA,NA,NA,NA,NA,NA,NA,NA,NA,NA,NA,NA,NA
Vesicular exanthema of swine virus,CARNIVORA,0,2,USA,not_specified,0,Center for Food Security and Public Health 2015. https://www.cfsph.iastate.edu/pdf/shic-factsheet-vesicular-exanthema-swine-virus,192.92,Caliciviridae,0,laboratory_only,1430,402,laboratory_only,Center for Food Security and Public Health 2015. https://www.cfsph.iastate.edu/pdf/shic-factsheet-vesicular-exanthema-swine-virus,20,288,loose,NA,NA,NA,NA,NA,NA,NA,NA,NA,NA,NA,NA,NA,NA,NA,NA,NA,NA,NA,NA,NA,NA,NA,NA,NA,NA,NA,NA,NA,NA,NA,NA,NA,NA,NA,NA,NA
Great Island virus,AVES,0,2,Russia,1962,0,Dilcher et al. 2012,623.81,Reoviridae,1,direct,2261,330,serological_evidence_only,Dilcher et al. 2012,28,6264,loose,NA,NA,NA,NA,NA,NA,NA,NA,NA,NA,NA,NA,NA,NA,NA,NA,NA,NA,NA,NA,NA,NA,NA,NA,NA,NA,NA,NA,NA,NA,NA,NA,NA,NA,NA,NA,NA
Avian orthoavulavirus 1,AVES,0,40,USA,1951,0,NA,623.81,Paramyxoviridae,0,bridged,3526,154,NA,NA,2,6264,stringent,pre-1950,1950,2020,70,unknown,unknown,0,NA,Nelson et al. 1952,Y,Vaccine for chickens that likely reduces human exposure,Nelson et al. 1952,1,0,0,0,NA,Nelson et al. 1952,subset,0,Nelson et al. 1952,0,40,USA,1951,Nelson et al. 1952,Also known as Newcastle disease. There have been many more outbreaks--35 recorded between 1948 and 1971--but not well monitored because there isn't a huge impact on human public health (whereas Newcastle is really virulent in birds). Outbreaks always primarily contained on farms,1,direct_contact,ssRNA(-),Aves,40,60055,1,60055,60055,1
Eastern equine encephalitis virus,AVES,50,121,USA,2003-2016,33,NA,623.81,Togaviridae,1,direct,2327,326,NA,NA,423,6264,stringent,1938,1968,2019,51,USA,North_America,100,Total of 89 deaths in the USA; only 2 deaths have been recorded in South America; a small outbreak of 9 deaths and 11 cases in Jamaica. First emerged in the US in 1938,GIDEON,Y,"Vaccination in horses for decades, which is suspected to have reduced transmission",GIDEON,1,1,33,33,NA,NEHA 2021,subset,41.322314,Lindsey et al. 2018,8,32,USA,1959,Goldman and Sussfield 1968,"No known transmission between horses and humans, or human-to-human--only between birds and bird-to-human",1,vector,ssRNA(+),Aves,228,60055,0.53070175,31871.2939,60055,1
Eastern equine encephalitis virus,AVES,48,107,USA,2010-2019,33,NA,623.81,Togaviridae,1,direct,2327,326,NA,NA,423,6264,stringent,1938,1968,2019,51,USA,North_America,100,Total of 89 deaths in the USA; only 2 deaths have been recorded in South America; a small outbreak of 9 deaths and 11 cases in Jamaica. First emerged in the US in 1938,GIDEON,Y,"Vaccination in horses for decades, which is suspected to have reduced transmission",GIDEON,1,1,33,33,NA,NEHA 2021,subset,44.8598131,CDC. Eastern Equine Encephalitis: Statistics & Maps. https://www.cdc.gov/easternequineencephalitis/tech/epi.html,19,38,USA,2019,CDC. Eastern Equine Encephalitis: Statistics & Maps. https://www.cdc.gov/easternequineencephalitis/tech/epi.html,NA,1,vector,ssRNA(+),Aves,228,60055,0.46929825,28183.7061,60055,1
Ilheus virus,AVES,0,1,Ecuador,2004,0,NA,623.81,Flaviviridae,1,direct,8265,326,NA,NA,83,6264,stringent,1944,1950,2020,70,Brazil,South_America,0,NA,Johnson et al. 2007,N,NA,Johnson et al. 2007,1,0,0,0,NA,Johnson et al. 2007,subset,0,Johnson et al. 2007,0,1,Ecuador,2004,Johnson et al. 2007,Less than 20 cases reported globally,1,vector,ssRNA(+),Aves,5,6273,0.2,1254.6,12202,1
Ilheus virus,AVES,0,3,Trinidad and Tobago,1953,0,NA,623.81,Flaviviridae,1,direct,8265,326,NA,NA,83,6264,stringent,1944,1950,2020,70,Brazil,South_America,0,NA,Johnson et al. 2007,N,NA,Johnson et al. 2007,1,0,0,0,NA,Johnson et al. 2007,subset,0,Spence et al. 1962,0,3,Trinidad and Tobago,1953,Spence et al. 1962,Less than 20 cases reported globally,1,vector,ssRNA(+),Aves,5,16145,0.6,9687,12202,1
Ilheus virus,AVES,0,1,Colombia,1966,0,NA,623.81,Flaviviridae,1,direct,8265,120,NA,NA,83,6264,stringent,1944,1950,2020,70,Brazil,South_America,0,NA,Johnson et al. 2007,N,NA,Johnson et al. 2007,1,0,0,0,NA,Johnson et al. 2007,subset,0,Landinez et al. 1966,0,1,Colombia,1966,Landinez et al. 1966,Less than 20 cases reported globally,1,vector,ssRNA(+),Aves,5,6302,0.2,1260.4,12202,1
Influenza A virus,AVES,615,1567,China,2013-2018,50,NA,623.81,Orthomyxoviridae,0,direct,2351,262,NA,NA,4672,6264,stringent,pre-1950,1950,2020,1,unknown,Asia,1077,See death_count_calculations.csv for death count calculations,GIDEON,N,Typically no vaccine for zoonotic influenzas,GIDEON,1,1,40,60,"Lower end is for H7N9 and upper is for H5N1. Represents avian influenzas that have spilled directly (i.e., not via swine)",GIDEON,subset,39.2469687,Tianyun et al. 2019,46,155,China,2013,GIDEON,H7N9,4,respiratory,ssRNA(-),Aves,1567,8682,1,8682,8682,0
Influenza A virus,AVES,12469,60800000,USA,2009,0.02050822,NA,623.81,Orthomyxoviridae,0,bridged,2351,262,NA,NA,4672,6264,stringent,pre-1950,1950,2020,1,unknown,Asia,2018449,See death_count_calculations.csv for death count calculations,GIDEON,N,Typically no vaccine for zoonotic influenzas,GIDEON,1,0,0.02050822,0.02050822,"H1N1, amplified in swine",GIDEON,subset,0.02050822,CDC 2019. 2009 H1N1 Pandemic. https://www.cdc.gov/flu/pandemic-resources/2009-h1n1-pandemic.html,12469,60800000,USA,2009,CDC 2019. 2009 H1N1 Pandemic. https://www.cdc.gov/flu/pandemic-resources/2009-h1n1-pandemic.html,2009 H1N1 pandemic.,4,respiratory,ssRNA(-),Aves,60800000,60055,1,60055,60055,0
Japanese encephalitis virus,AVES,1500,6061,India,2005,25,NA,623.81,Flaviviridae,1,bridged,8265,78,NA,NA,4399,6264,stringent,1871,1950,2019,69,Japan,Asia,73079,First human case occurred in 1871 in Japan. See death_count_calculations.csv for death count calculations,GIDEON; Kumar Pant et al. 2017,Y,"Vaccination has been occuring for 50+ years, though there has been a marked increase in the last two decades. Quan et al. 2020 estimated that vaccination reduced cases by 45,000 in 2015 alone",Quan et al. 2020,1,1,20,30,NA,CDC Yellow Book: Chapter 4. https://wwwnc.cdc.gov/travel/yellowbook/2020/travel-related-infectious-diseases/japanese-encephalitis,subset,24.7483914,GIDEON,1500,6061,India,2005,GIDEON,"Concentrated in China, India, and the Southeast Asian peninsula. Pigs are the amplifying hosts--an effective control strategy has been vaccinating pigs. Case counts from 2011 Uttar Pradesh outbreak",1,vector,ssRNA(+),Aves,11420,1923,0.53073555,1020.60447,1923,1
Japanese encephalitis virus,AVES,1380,5359,India,2011,25,NA,623.81,Flaviviridae,1,bridged,8265,78,NA,NA,4399,6264,stringent,1871,1950,2019,69,Japan,Asia,73079,First human case occurred in 1871 in Japan. See death_count_calculations.csv for death count calculations,GIDEON; Kumar Pant et al. 2017,Y,"Vaccination has been occuring for 50+ years, though there has been a marked increase in the last two decades. Quan et al. 2020 estimated that vaccination reduced cases by 45,000 in 2015 alone",Quan et al. 2020,1,1,20,30,NA,CDC Yellow Book: Chapter 4. https://wwwnc.cdc.gov/travel/yellowbook/2020/travel-related-infectious-diseases/japanese-encephalitis,subset,25.751073,GIDEON,1380,5359,India,2011,GIDEON,"Concentrated in China, India, and the Southeast Asian peninsula. Pigs are the amplifying hosts--an effective control strategy has been vaccinating pigs. Case counts from 2011 Uttar Pradesh outbreak",1,vector,ssRNA(+),Aves,11420,1923,0.46926445,902.395534,1923,1
Murray Valley encephalitis virus,AVES,13,58,Australia,1974,22.5,NA,623.81,Flaviviridae,1,direct,8265,78,NA,NA,573,6264,stringent,1917,1950,2018,68,Australia,Australia,45,"Total of 45 deaths and 210 cases: 49 cases 1950-1969, proxied 11 deaths with 22.5% CFR; 13 deaths and 58 cases in 1974; 8 additional cases 1970-1979, proxied 2 deaths with 22.5% CFR; 13 deaths and 77 cases 1979-2006; 1 death/1 case 2008; 2 deaths/3 cases 2009; 3 deaths/11 cases 2011; 0 deaths/2 cases 2015; 0 deaths/1 case 2018",GIDEON,N,NA,GIDEON,1,1,15,30,NA,Selvey et al. 2014,subset,22.4137931,Selvey et al. 2014,13,58,Australia,1974,Selvey et al. 2014,Endemic to Australia. There's been 6 notable (but always relatively small) outbreaks since it's discovery in 1917--only two after 1950 (1951 and 1974). Outbreak data is from the 1974 (the most recent) outbreak,1,vector,ssRNA(+),Aves,58,57613,1,57613,57613,1
Saint Louis encephalitis virus,AVES,47,578,USA,1975,10,NA,623.81,Flaviviridae,1,direct,8265,326,NA,NA,227,6264,stringent,1933,1950,2020,70,USA,North_America,392,First human case occured in 1933 epidemic in Missouri. See death_count_calculations.csv for death count calculations,GIDEON; Diaz et al. 2018; Ranzenhofer et al. 1956; Chin et al. 1957; Brody and Browning 1960; Day 2001; Kriel et al. 1969,N,NA,GIDEON,1,1,5,15,NA,Simon et al. 2021,subset,8.13148789,CDC. Saint Louis Encephalitis. Statistics & Maps. https://www.cdc.gov/sle/technical/epi.html,47,578,USA,1975,"IDPH. http://www.idph.state.il.us/webhistory14.htm#:~:text=Illinois%20suffered%20the%20nation's%20worst,sickened%20more%20than%20300%20Illinoisans.",Majority of cases occur in the USA. Largest US outbreak. Hasn‚Äôt been a major outbreak since the 1970s,1,vector,ssRNA(+),Aves,578,60055,1,60055,60055,1
Tonate virus,AVES,1,6,French Guiana,1997-1999,16.6666667,NA,623.81,Togaviridae,1,direct,2327,326,NA,NA,20,6264,stringent,1973,1997,2020,23,French Guiana,South_America,1,"Specified 1997 instead of 1973 as the death_count_start because Tonate cases have likely been mistaken as dengue cases, especially in previous decades",Talarmin et al. 2001,N,NA,Talarmin et al. 2001,1,1,16.6666667,16.6666667,NA,Talarmin et al. 2001,subset,16.6666667,Talarmin et al. 2001,1,6,French Guiana,1997,Talarmin et al. 2001,"Difficult to distinguish from other viruses in Venezuelan equine encephalitis complex, mostly serological evidence. Epidemic data details not specified in study; single outbreak--date proxied assumed. However, note that there are probably more cases and deaths that are incorrectly attributed to dengue",1,vector,ssRNA(+),Aves,6,18313,1,18313,18313,1
West Nile virus,AVES,2390,51801,USA,1999-2019,4.61381054,NA,623.81,Flaviviridae,1,direct,8265,326,NA,NA,10788,6264,stringent,1937,1950,2020,70,Uganda,Africa,3139,See death_count_calculations.csv for death count calculations,GIDEON; Jupp 2006; Bertram et al. 2020,N,"Vaccines are available for horses, but not people",GIDEON,1,1,4.61381054,4.61381054,Very little info on CFR so we calculated CFR with the case data given the substantial sample size,"CDC. West Nile virus disease cases reported to CDC by state of residence, 1999-2019. https://www.cdc.gov/westnile/statsmaps/cumMapsData.html#three",subset,4.61381054,"CDC. West Nile virus disease cases reported to CDC by state of residence, 1999-2019. https://www.cdc.gov/westnile/statsmaps/cumMapsData.html#three",234,5207,USA,2012,Murray et al. 2013; GIDEON,Largest recorded outbreak other than the 1974 South Africa outbreak--but we were unable to locate death data for the South Africa outbreak,1,vector,ssRNA(+),Aves,51801,60055,1,60055,60055,1
Western equine encephalitis virus,AVES,9,375,USA,1952,4,NA,623.81,Togaviridae,1,direct,2327,326,NA,NA,343,6264,stringent,pre-1950,1950,2017,67,USA,North_America,25,"8 deaths in Canada and 17 deaths in the USA. Largest outbreaks were pre-1950 (e.g., 90 deaths in 1941) and thus excluded.",GIDEON; Tulchinsky et al. 1976,Y,"Vaccination in horses for decades, which is suspected to have reduced transmission",AAEP. https://aaep.org/guidelines/vaccination-guidelines/core-vaccination-guidelines/easternwestern-equine-encephalomyelitis,1,1,4,4,NA,"NEHA. https://www.neha.org/disease/western-equine-encephalitis#:~:text=Irreversible%20neurological%20damage%20can%20occur,will%20experience%20irreversible%20brain%20damage.",subset,2.4,GIDEON,9,375,USA,1952,GIDEON,Case fatality rate known to be lower than that of Eastern Equine Encephalitis. Very few cases since 1994. Largest outbreak since 1950,1,vector,ssRNA(+),Aves,416,60055,0.90144231,54136.1178,60055,1
Western equine encephalitis virus,AVES,1,41,USA,1987,4,NA,623.81,Togaviridae,1,direct,2327,326,NA,NA,343,6264,stringent,pre-1950,1950,2017,67,USA,North_America,25,"8 deaths in Canada and 17 deaths in the USA. Largest outbreaks were pre-1950 (e.g., 90 deaths in 1941) and thus excluded.",GIDEON; Tulchinsky et al. 1976,Y,"Vaccination in horses for decades, which is suspected to have reduced transmission",AAEP. https://aaep.org/guidelines/vaccination-guidelines/core-vaccination-guidelines/easternwestern-equine-encephalomyelitis,1,1,4,4,NA,"NEHA. https://www.neha.org/disease/western-equine-encephalitis#:~:text=Irreversible%20neurological%20damage%20can%20occur,will%20experience%20irreversible%20brain%20damage.",subset,2.43902439,GIDEON,1,41,USA,1987,GIDEON,Case fatality rate known to be lower than that of Eastern Equine Encephalitis. Very few cases since 1994. 2nd largest outbreak since 1950,1,vector,ssRNA(+),Aves,416,60055,0.09855769,5918.88221,60055,1
Indiana vesiculovirus,CETARTIODACTYLA,0,41,USA,1965,0,NA,192.92,Rhabdoviridae,1,direct,1931,95,NA,NA,11,339,stringent,pre-1950,1950,2020,70,unknown,unknown,0,NA,Fields et al. 1967,N,NA,Fields et al. 1967,1,1,0,0,NA,Fields et al. 1967,subset,0,Fields et al. 1967,0,41,USA,1965,Fields et al. 1967,NA,1,vector,ssRNA(-),Mammalia,41,60055,1,60055,60055,1
Alagoas vesiculovirus,CETARTIODACTYLA,0,41,USA,1965,0,NA,192.92,Rhabdoviridae,1,direct,1931,95,NA,NA,4,339,stringent,pre-1950,1950,2020,70,unknown,unknown,0,NA,Fields et al. 1967,N,NA,Fields et al. 1967,1,1,0,0,NA,Fields et al. 1967,subset,0,Fields et al. 1967,0,41,USA,1965,Fields et al. 1967,Proxied with Indiana vesiculovirus,1,vector,ssRNA(-),Mammalia,41,60055,1,60055,60055,1
New Jersey vesiculovirus,CETARTIODACTYLA,0,41,USA,1965,0,NA,192.92,Rhabdoviridae,1,direct,1931,95,NA,NA,6,339,stringent,pre-1950,1950,2020,70,unknown,unknown,0,NA,Fields et al. 1967,N,NA,Fields et al. 1967,1,1,0,0,NA,Fields et al. 1967,subset,0,Fields et al. 1967,0,41,USA,1965,Fields et al. 1967,Proxied with Indiana vesiculovirus,1,vector,ssRNA(-),Mammalia,41,60055,1,60055,60055,1
Andes orthohantavirus,RODENTIA,114,533,Argentina,2009-2017,31,NA,179.65,Bunyaviridae,0,direct,99,451,NA,NA,510,2368,stringent,1995,1995,2017,22,Argentina,South_America,753,"For death count calculations, see death_count_calculations.csv (under rodent-borne_hantaviruses).",GIDEON,N,NA,GIDEON,1,1,25,37,NA,Guth et al. 2019,subset,21.3883677,Alonso et al. 2019,12.67,59.22,Argentina,2009,Alonso et al. 2019,Occurs primarily in Chile and Argentina. Andes virus is the causative agent of the vast majority of HPS cases in Argentina (only exception is Laguna Negra virus--implicated in a few cases in the Northwest region),2,inhalation_aerosolized_excreta,ssRNA(-),Mammalia,636,14400,0.83805031,12067.9245,14553.3664,1
Andes orthohantavirus,RODENTIA,33,103,Chile,1995-2012,31,NA,179.65,Bunyaviridae,0,direct,99,451,NA,NA,510,2368,stringent,1995,1995,2017,22,Argentina,South_America,753,"For death count calculations, see death_count_calculations.csv (under rodent-borne_hantaviruses).",GIDEON,N,NA,GIDEON,1,1,25,37,NA,Guth et al. 2019,subset,32.038835,Riquelme et al. 2015,1.83,5.72,Chile,1995,Riquelme et al. 2015,Andes virus is the only known cause of HCPS in Chile,2,inhalation_aerosolized_excreta,ssRNA(-),Mammalia,636,15347,0.16194969,2485.44182,14553.3664,1
Argentinian mammarenavirus,RODENTIA,12,199,Argentina,1983,22.5,NA,179.65,Arenaviridae,0,direct,875,451,NA,NA,455,2368,stringent,1958,1958,2019,61,Argentina,South_America,2614,"32079 total cases reported by GIDEON, estimated death count with the averge CFR (8.15) reported for the GIDEON cases. The CFR is lower because GIDEON appears to have included unconfirmed cases, while Enria et al. did not",GIDEON,Y,Vaccination introduced in 1991,GIDEON,1,1,15,30,NA,Enria et al. 2008,subset,6.03015075,Enria et al. 2008,28,73,Argentina,1958,Greenway et al. 1959,Vaccination was introduced in 1991. Extracted CFR data from Enria et al. figures (confirmed case data). CFR from 1983. Highest number of confirmed cases before vaccination introduced,2,inhalation_aerosolized_excreta,ssRNA(+/-),Mammalia,199,14400,1,14400,14400,1
Australian bat lyssavirus,CHIROPTERA,3,3,Australia,1996; 2013,100,NA,192.92,Rhabdoviridae,0,direct,1931,512,NA,NA,185,1308,stringent,1996,1996,2020,24,Australia,Australia,3,NA,Francis et al. 2014,Y,Rabies vaccine believed to protect against related lyssaviruses,Francis et al. 2014,1,1,100,100,NA,Francis et al. 2014,all_recorded,100,Francis et al. 2014,1,1,Australia,2013,Francis et al. 2014,Only 3 cases recorded and only 1 per outbreak,1,biting,ssRNA(-),Mammalia,3,57613,1,57613,57613,1
Banzi virus,RODENTIA,0,1,South Africa,1956,0,NA,179.65,Flaviviridae,1,direct,8265,451,NA,NA,37,2368,stringent,1956,1956,2020,64,South Africa,Africa,0,NA,Braack et al. 2018,N,NA,Braack et al. 2018,1,1,0,0,NA,Braack et al. 2018,all_recorded,0,Braack et al. 2018,0,1,South Africa,1956,Braack et al. 2018,"Very little known, high seroprevalence in humans but only 2 confirmed cases. True number of cases and deaths unknown. Human.trans: Unknown whether human populations can maintain endemic transmission",1,vector,ssRNA(+),Mammalia,2,6151,0.5,3075.5,3542.5,1
Banzi virus,RODENTIA,0,1,Tanzania,1959,0,NA,179.65,Flaviviridae,1,direct,8265,451,NA,NA,37,2368,stringent,1956,1956,2020,64,South Africa,Africa,0,NA,Braack et al. 2018,N,NA,Braack et al. 2018,1,1,0,0,NA,Braack et al. 2018,all_recorded,0,Braack et al. 2018,0,1,Tanzania,1959,Braack et al. 2018,"Very little known, high seroprevalence in humans but only 2 confirmed cases. True number of cases and deaths unknown. Human.trans: Unknown whether human populations can maintain endemic transmission",1,vector,ssRNA(+),Mammalia,2,934,0.5,467,3542.5,1
Bayou orthohantavirus,RODENTIA,1,5,USA,1993-2013,20,NA,179.65,Bunyaviridae,0,direct,99,451,NA,NA,67,2368,stringent,1993,1993,2020,27,USA,North_America,1,NA,Knust and Rollin 2013,N,NA,Knust and Rollin 2013,1,1,20,20,NA,Knust and Rollin 2013; Guth et al. 2019,all_recorded,20,Knust and Rollin 2013,0,1,USA,1995,Martinez et al. 1996,NA,1,inhalation_aerosolized_excreta,ssRNA(-),Mammalia,5,60055,1,60055,60055,1
Black Creek Canal orthohantavirus,RODENTIA,0,1,USA,1993,0,NA,179.65,Bunyaviridae,0,direct,99,451,NA,NA,109,2368,stringent,1993,1993,2020,27,USA,North_America,0,NA,Knust and Rollin 2013,N,NA,Knust and Rollin 2013,1,1,0,0,NA,Khan et al. 1996,all_recorded,0,Knust and Rollin 2013,0,1,USA,1993,Khan et al. 1996,There's only been one laboratory confirmed human case,1,inhalation_aerosolized_excreta,ssRNA(-),Mammalia,1,60055,1,60055,60055,1
Bovine papular stomatitis virus,CETARTIODACTYLA,0,10,USA,1952,0,NA,192.92,Poxviridae,0,direct,1531,95,NA,NA,70,339,stringent,pre-1950,1950,2020,70,USA,North_America,0,NA,Nomland and McKee 1952,N,NA,Nomland and McKee 1952,1,1,0,0,NA,Nomland and McKee 1952,subset,0,Nomland and McKee 1952,0,1,USA,1952,Nomland and McKee 1952,"Also called milker's nodules. Believed to be relatively common in people who work in livestock, but poorly monitored",1,direct_contact,dsDNA,Mammalia,10,60055,1,60055,60055,1
Brazilian mammarenavirus,RODENTIA,1,3,Brazil,1990; 2020,33.3333333,NA,179.65,Arenaviridae,0,direct,875,451,NA,NA,112,2368,stringent,1990,1990,2020,30,Brazil,South_America,1,NA,Mello Malta et al. 2020,N,NA,Mello Malta et al. 2020,1,1,33.3333333,33.3333333,NA,Mello Malta et al. 2020,all_recorded,33.3333333,Mello Malta et al. 2020,1,1,Brazil,2020,Mello Malta et al. 2020,Only 3 naturally acquired cases,1,inhalation_aerosolized_excreta,ssRNA(+/-),Mammalia,3,9821,1,9821,9821,1
California encephalitis orthobunyavirus,PERISSODACTYLA,0,4,USA,1945; 1996,0,NA,192.92,Bunyaviridae,1,bridged,2825,120,NA,NA,3,2368,stringent,1945,1950,2020,70,USA,North_America,0,NA,Eldridge et al. 2001,N,NA,Eldridge et al. 2001,1,0,0,0,NA,Eldridge et al. 2001,all_recorded,0,Eldridge et al. 2001,0,1,USA,1996,Eldridge et al. 2001,NA,1,vector,ssRNA(-),Mammalia,4,60055,1,60055,60055,1
Camelpox virus,CETARTIODACTYLA,0,3,India,2009,0,NA,192.92,Poxviridae,0,direct,1531,95,NA,NA,99,339,stringent,unknown,2009,2020,11,India,Asia,0,NA,Bera et al. 2011,Y,Camels are vaccinated,Bera et al. 2011,1,1,0,0,NA,Bera et al. 2011,all_recorded,0,Bera et al. 2011,0,3,India,2009,Bera et al. 2011,NA,1,direct_contact,dsDNA,Mammalia,3,1923,1,1923,1923,1
Caraparu orthobunyavirus,PRIMATES,0,30,Peru,2000-2007,0,NA,0,Bunyaviridae,1,direct,2825,1442,NA,NA,3,502,stringent,unknown,2000,2020,20,unknown,unknown,0,Emergence year is unclear so we proxied with our outbreak data,Treangen et al. 2016,N,NA,Treangen et al. 2016,1,1,0,0,NA,Treangen et al. 2016,subset,0,Treangen et al. 2016,0,3.75,Peru,2000,Treangen et al. 2016,Difficult to differentiate from dengue and other dengue-like fevers,1,vector,ssRNA(-),Mammalia,30,6572,1,6572,6572,1
Chapare mammarenavirus,RODENTIA,4,6,Bolivia,2003; 2019,66.66666667,NA,179.65,Arenaviridae,0,direct,875,451,NA,NA,88,2368,stringent,2003,2003,2020,17,Bolivia,South_America,4,NA,Escalera-Antezana et al. 2020,N,NA,Escalera-Antezana et al. 2020,1,1,66.66666667,66.66666667,NA,Escalera-Antezana et al. 2020,all_recorded,60,Escalera-Antezana et al. 2020; Delgado et al. 2008,4,6,Bolivia,2019,Escalera-Antezana et al. 2020,"First human case was in 2003 (one fatal case), then a cluster of 5 cases (3 fatal) in 2019",1,inhalation_aerosolized_excreta,ssRNA(+/-),Mammalia,5,3394,1,3394,3394,1
Chikungunya virus,PRIMATES,120,352810,Brazil,2016,0.06,NA,0,Togaviridae,1,direct,2327,1442,NA,NA,2478,502,stringent,1952,1952,2020,68,Tanzania,Africa,728,Not believed to have caused death in Africa; first known fatalities were in 2005,GIDEON,N,NA,GIDEON,1,1,0.02,0.1,NA,"ECDC. https://www.ecdc.europa.eu/en/chikungunya/facts/factsheet#:~:text=Despite%20it%20being%20considered%20as,and%20increased%20markedly%20with%20age.",subset,0.03401264,GIDEON,120,352810,Brazil,2016,GIDEON,NA,4,vector,ssRNA(+),Mammalia,618810,9821,0.57014269,5599.37139,17535.6491,1
Chikungunya virus,PRIMATES,254,266000,Reunion,2005,0.06,NA,0,Togaviridae,1,direct,2327,1442,NA,NA,2478,502,stringent,1952,1952,2020,68,Tanzania,Africa,728,Not believed to have caused death in Africa; first known fatalities were in 2005,GIDEON,N,NA,GIDEON,1,1,0.02,0.1,NA,"ECDC. https://www.ecdc.europa.eu/en/chikungunya/facts/factsheet#:~:text=Despite%20it%20being%20considered%20as,and%20increased%20markedly%20with%20age.",subset,0.09548872,GIDEON,254,266000,Reunion,2005,GIDEON,NA,4,vector,ssRNA(+),Mammalia,618810,27768,0.42985731,11936.2777,17535.6491,1
Colorado tick fever virus,RODENTIA,0,228,USA,1973-1974,0,NA,179.65,Reoviridae,1,direct,2261,451,NA,NA,82,2368,stringent,1944,1950,2020,70,USA,North_America,0,NA,Hewitt et al. 1978,N,NA,Hewitt et al. 1978,1,1,0,0,NA,Hewitt et al. 1978,subset,0,Hewitt et al. 1978,0,97,USA,1974,Hewitt et al. 1978,Case counts from 1973-1974. Only 2 cases have been recorded to be fatal (both pediatric). Distinct from Rocky Mountain Spotted Fever (which is significantly more virulent),1,vector,dsRNA,Mammalia,228,60055,1,60055,60055,1
Cowpox virus,RODENTIA,0,54,UK,1969-1993,0,NA,179.65,Poxviridae,0,bridged,1531,451,NA,NA,332,2368,stringent,pre-1950,1950,2020,70,unknown,unknown,0,NA,Baxby et al. 1994,Y,NA,Baxby et al. 1994,1,0,0,0,NA,Baxby et al. 1994,subset,0,Baxby et al. 1994,0,5,USA,1969,Baxby et al. 1994,Outbreak year proxied with CFR timeline,1,direct_contact,dsDNA,Mammalia,54,39758,1,39758,39758,1
Dengue virus,PRIMATES,1538,1367353,Brazil,2019,0.115977246,NA,0,Flaviviridae,1,direct,8265,1442,NA,NA,5895,502,stringent,pre-1950,1950,2019,69,unknown,unknown,269731,See death_count_calculations.csv for death count calculations,GIDEON; http://ghdx.healthdata.org/gbd-results-tool,N,NA,GIDEON,1,1,0.115977246,0.115977246,WHO reports a CFR of <1%; we calculated an exact rate with our outbreak data,"WHO. https://www.who.int/news-room/fact-sheets/detail/dengue-and-severe-dengue#:~:text=Early%20detection%20of%20disease%20progression,urban%20and%20semi%2Durban%20areas.",subset,0.1124801,PAHO 2020,1538,1367353,Brazil,2019,PAHO 2020,Case fatality rate believed to be less than 1% overall. Unable to find exact estimate so we calculated the CFR statistic with the outbreak data,4,vector,ssRNA(+),Mammalia,1520988,9821,0.89899,8828.98078,9023.22301,1
Dengue virus,PRIMATES,226,153635,India,2017,0.115977246,NA,0,Flaviviridae,1,direct,8265,1442,NA,NA,5895,502,stringent,pre-1950,1950,2019,69,unknown,unknown,269731,See death_count_calculations.csv for death count calculations,GIDEON; http://ghdx.healthdata.org/gbd-results-tool,N,NA,GIDEON,1,1,0.115977246,0.115977246,WHO reports a CFR of <1%; we calculated an exact rate with our outbreak data,"WHO. https://www.who.int/news-room/fact-sheets/detail/dengue-and-severe-dengue#:~:text=Early%20detection%20of%20disease%20progression,urban%20and%20semi%2Durban%20areas.",subset,0.1471019,GIDEON,226,153635,India,2017,GIDEON,Case fatality rate believed to be less than 1% overall. Unable to find exact estimate so we calculated the CFR statistic with the outbreak data,4,vector,ssRNA(+),Mammalia,1520988,1923,0.10101,194.242233,9023.22301,1
Dobrava-Belgrade orthohantavirus,RODENTIA,0,86,Germany,2007-2012,12,NA,179.65,Bunyaviridae,0,direct,99,451,NA,NA,165,2368,stringent,unknown,1981,2017,36,Germany,Europe,449,"First discovered in 1981, but likely the causative agent of some hantavirus outbreaks prior to 1992. For death count calculations, see death_count_calculations.csv (under rodent-borne_hantaviruses).",GIDEON; Papa 2012; Connolly-Anderson et al. 2013; Vaheri et al. 2010; Zupanc et al. 1999,N,NA,GIDEON; Papa 2012; Connolly-Anderson et al. 2013; Vaheri et al. 2010; Zupanc et al. 1999,1,1,12,12,NA,Papa et al. 2011,subset,0,Hofman et al. 2014,0,14.3,Germany,2007,Hofman et al. 2014,"Generally believed that many more cases have occured, but difficult to distinguish from other hantavirus infections. As a result, it is very difficult to find outbreak data, which is why the outbreak data does not reflect the CFR",1,inhalation_aerosolized_excreta,ssRNA(-),Mammalia,110,44976,0.78181818,35163.0545,40245.8182,1
Dobrava-Belgrade orthohantavirus,RODENTIA,3,24,Slovenia,1985-1995,12,NA,179.65,Bunyaviridae,0,direct,99,451,NA,NA,165,2368,stringent,unknown,1981,2017,36,Germany,Europe,449,"First discovered in 1981, but likely the causative agent of some hantavirus outbreaks prior to 1992. For death count calculations, see death_count_calculations.csv (under rodent-borne_hantaviruses).",GIDEON; Papa 2012; Connolly-Anderson et al. 2013; Vaheri et al. 2010; Zupanc et al. 1999,N,NA,GIDEON; Papa 2012; Connolly-Anderson et al. 2013; Vaheri et al. 2010; Zupanc et al. 1999,1,1,12,12,NA,Papa et al. 2011,subset,12.5,Zupanc et al. 1999,0.3,2.4,Slovenia,1985,Zupanc et al. 1999,"Generally believed that many more cases have occured, but difficult to distinguish from other hantavirus infections. As a result, it is very difficult to find outbreak data, which is why the outbreak data does not reflect the CFR",1,inhalation_aerosolized_excreta,ssRNA(-),Mammalia,110,23296,0.21818182,5082.76364,40245.8182,1
Duvenhage lyssavirus,CHIROPTERA,2,2,South Africa,1970; 2006,100,NA,192.92,Rhabdoviridae,0,direct,1931,512,NA,NA,147,1308,stringent,1970,1970,2020,50,South Africa,Africa,3,NA,Paweska et al. 2007,Y,Rabies vaccine believed to protect against related lyssaviruses,Paweska et al. 2007,1,1,100,100,NA,Paweska et al. 2007,all_recorded,100,Paweska et al. 2007,1,1,South Africa,2006,Paweska et al. 2007,NA,1,biting,ssRNA(-),Mammalia,3,6151,0.66666667,4100.66667,4603.33333,1
Duvenhage lyssavirus,CHIROPTERA,1,1,Kenya,2007,100,NA,192.92,Rhabdoviridae,0,direct,1931,512,NA,NA,147,1308,stringent,1970,1970,2020,50,South Africa,Africa,3,NA,NA,Y,Rabies vaccine believed to protect against related lyssaviruses,NA,1,1,100,100,NA,Thiel et al. 2007,all_recorded,100,Thiel et al. 2007,1,1,Kenya,2007,Thiel et al. Fatal case of human rabies from a bat in Kenya. https://www.eurosurveillance.org/content/10.2807/ese.13.02.08007-en,NA,1,biting,ssRNA(-),Mammalia,3,1508,0.33333333,502.666667,4603.33333,1
European bat 1 lyssavirus,CHIROPTERA,1,1,Russia,1985,100,NA,192.92,Rhabdoviridae,0,direct,1931,512,NA,NA,116,1308,stringent,1977,1977,2020,43,Russia,Europe,2,NA,Fooks et al. 2003,Y,Rabies vaccine believed to protect against related lyssaviruses,Fooks et al. 2003,1,1,100,100,NA,Fooks et al. 2003,subset,100,Fooks et al. 2003,1,1,Russia,1985,Fooks et al. 2003,Only 4 cases ever recorded,1,biting,ssRNA(-),Mammalia,2,10956,0.5,5478,10956,1
European bat 1 lyssavirus,CHIROPTERA,1,1,Russia,1977,100,NA,192.92,Rhabdoviridae,0,direct,1931,512,NA,NA,116,1308,stringent,1977,1977,2020,43,Russia,Europe,2,NA,Fooks et al. 2003,Y,Rabies vaccine believed to protect against related lyssaviruses,Fooks et al. 2003,1,1,100,100,NA,Fooks et al. 2003,subset,100,Fooks et al. 2003,1,1,Russia,1977,Fooks et al. 2003,Only 4 cases ever recorded,1,biting,ssRNA(-),Mammalia,2,10956,0.5,5478,10956,1
European bat 2 lyssavirus,CHIROPTERA,1,1,UK,2002,100,NA,192.92,Rhabdoviridae,0,direct,1931,512,NA,NA,77,1308,stringent,1985,1985,2020,35,Finland,Europe,2,NA,Fooks et al. 2003,Y,Rabies vaccine believed to protect against related lyssaviruses,Fooks et al. 2003,1,1,100,100,NA,Fooks et al. 2003,subset,100,Fooks et al. 2003,1,1,UK,2002,Fooks et al. 2003,Only 4 cases ever recorded,1,biting,ssRNA(-),Mammalia,2,39758,0.5,19879,42714,1
European bat 2 lyssavirus,CHIROPTERA,1,1,Finland,1985,100,NA,192.92,Rhabdoviridae,0,direct,1931,512,NA,NA,77,1308,stringent,1985,1985,2020,35,Finland,Europe,2,NA,Fooks et al. 2003,Y,Rabies vaccine believed to protect against related lyssaviruses,Fooks et al. 2003,1,1,100,100,NA,Fooks et al. 2003,subset,100,Fooks et al. 2003,1,1,Finland,1985,Fooks et al. 2003,Only 4 cases ever recorded,1,biting,ssRNA(-),Mammalia,2,45670,0.5,22835,42714,1
Foot-and-mouth disease virus,CETARTIODACTYLA,0,40,UK,not_specified,0,NA,192.92,Picornaviridae,0,direct,4682,95,NA,NA,1832,339,stringent,pre-1950,1950,2020,70,unknown,unknown,0,NA,Brown 2001; Prempeh et al. 2001,Y,NA,Brown 2001; Prempeh et al. 2001,1,1,0,0,NA,Brown 2001; Prempeh et al. 2001,subset,0,Brown 2001; Prempeh et al. 2001,0,1,UK,1966,Brown 2001; Prempeh et al. 2001,"references give reviews of FMDV in humans. All cases appear to be traced transmission from cattle to humans in some European country, with no fatalities reported. Reviews all seem to cite each other with ""40+"" confirmed human cases, but no one actualy identifies what those cases are. I'd use 40 as the total number and 0 as the fatality rate.",1,direct_contact,ssRNA(+),Mammalia,40,39758,1,39758,39758,1
Guanarito mammarenavirus,RODENTIA,55,165,Venezuela,1989-1997,33.3333333,NA,179.65,Arenaviridae,0,direct,875,451,NA,NA,174,2368,stringent,1989,1989,2020,31,Venezuela,South_America,55,NA,Manzione et al. 1998,N,NA,Manzione et al. 1998,1,1,33.3333333,33.3333333,NA,Manzione et al. 1998,all_recorded,33.3333333,Manzione et al. 1998,9,15,Venezuela,1989,Salas et al. 1991,NA,1,inhalation_aerosolized_excreta,ssRNA(+/-),Mammalia,165,7977,1,7977,7977,1
Hantaan orthohantavirus,RODENTIA,5,80,China,2006-2007,10,NA,179.65,Bunyaviridae,0,direct,99,451,NA,NA,1002,2368,stringent,1951,1951,2020,69,Korea,Asia,48828,"For death count calculations, see death_count_calculations.csv (under rodent-borne_hantaviruses).",GIDEON,N,NA,GIDEON,1,1,5,15,NA,Guth et al. 2019,subset,6.25,Zhang et al. 2011,5,80,China,2006,Zhang et al. 2011,"It's difficult to find case counts for Hantaan virus because both HTNV and SEOV cause HFRS, but this study actually distinguished between the two viruses in the lab",1,inhalation_aerosolized_excreta,ssRNA(-),Mammalia,4018,8682,0.0199104,172.86212,8682,1
Hantaan orthohantavirus,RODENTIA,88,3938,China,2010-2011,10,NA,179.65,Bunyaviridae,0,direct,99,451,NA,NA,1002,2368,stringent,1951,1951,2020,69,Korea,Asia,48828,"For death count calculations, see death_count_calculations.csv (under rodent-borne_hantaviruses).",GIDEON,N,NA,GIDEON,1,1,5,15,NA,Guth et al. 2019,subset,2.23463687,Tian et al. 2015,44,1969,China,2010,Tian et al. 2015,The reference specifies that all HFRS cases in this particular region of China are HTNV,1,inhalation_aerosolized_excreta,ssRNA(-),Mammalia,4018,8682,0.9800896,8509.13788,8682,1
Hendra henipavirus,CHIROPTERA,4,7,Australia,1994-2019,57.1428571,NA,192.92,Paramyxoviridae,0,bridged,3526,512,NA,NA,961,1308,stringent,1994,1994,2020,26,Australia,Australia,4,NA,GIDEON,N,NA,GIDEON,1,0,57.1428571,57.1428571,NA,CDC Hendra Fact Sheet. https://www.cdc.gov/vhf/hendra/pdf/factsheet.pdf,all_recorded,57.1428571,CDC Hendra Fact Sheet. https://www.cdc.gov/vhf/hendra/pdf/factsheet.pdf,1,2,Australia,2008,GIDEON,NA,1,bodily_fluids,ssRNA(-),Mammalia,7,57613,1,57613,57613,1
Irkut lyssavirus,CHIROPTERA,1,1,Russia,2007,100,NA,192.92,Rhabdoviridae,0,direct,1931,512,NA,NA,75,1308,stringent,2007,2007,2020,13,Russia,Europe,3,"First case in Russia, 2 in China",Teng et al. 2018,Y,Rabies vaccine believed to protect against related lyssaviruses,Teng et al. 2018,1,1,100,100,NA,Leonova et al. 2013,subset,100,Leonova et al. 2013,1,1,Russia,2007,Leonova et al. 2013,NA,1,biting,ssRNA(-),Mammalia,2,10956,0.5,5478,9819,1
Irkut lyssavirus,CHIROPTERA,1,1,China,not_specified,100,NA,192.92,Rhabdoviridae,0,direct,1931,512,NA,NA,75,1308,stringent,2007,2007,2020,13,Russia,Europe,3,"First case in Russia, 2 in China",Teng et al. 2018,Y,Rabies vaccine believed to protect against related lyssaviruses,Teng et al. 2018,1,1,100,100,NA,Warrell and Warrell 2017,subset,100,Warrell and Warrell 2017,1,1,China,2013,Warrell and Warrell 2017,Outbreak year proxied with publication date of reference,1,biting,ssRNA(-),Mammalia,2,8682,0.5,4341,9819,1
Kokobera virus,DIPROTODONTIA,0,3,Australia,1983-1985,0,NA,317.2,Flaviviridae,1,direct,8265,21,NA,NA,50,143,stringent,1983,1983,2020,37,Australia,Australia,0,First isolated from mosquitoes in 1960. Human infections are not well monitored,Gyawali et al. 2019,N,NA,Gyawali et al. 2019,1,1,0,0,NA,Gyawali et al. 2019,subset,0,Gyawali et al. 2019,0,2,Australia,1984,Gyawali et al. 2019,"Pathogenicity in humans in somewhat unclear. Discovered via isolation in mosquitoes. Mostly serological data, but a few human lab confirmed cases. No reported deaths",1,vector,ssRNA(+),Mammalia,3,57613,1,57613,57613,1
Laguna Negra orthohantavirus,RODENTIA,6,40,Bolivia,2018,15,NA,179.65,Bunyaviridae,0,direct,99,451,NA,NA,85,2368,stringent,unknown,1993,2019,26,South America,South_America,1041,"For death count calculations, see death_count_calculations.csv (under rodent-borne_hantaviruses).",GIDEON,N,NA,GIDEON,1,1,15,15,NA,Guth et al. 2019; Escalera-Antezana et al. 2019,subset,15,Escalera-Antezana et al. 2019,6,40,Bolivia,2018,Escalera-Antezana et al. 2019,This virus species includes the variant Rio Mamore,1,inhalation_aerosolized_excreta,ssRNA(-),Mammalia,40,3394,1,3394,3394,1
Lassa mammarenavirus,RODENTIA,244,1181,Nigeria,2020,1,NA,179.65,Arenaviridae,0,direct,875,451,NA,NA,1320,2368,stringent,1969,1969,2020,51,Nigeria,Africa,1633,102 deaths in Liberia; 391 in Sierra Leone; 43 in Benin; 1 in Ghana; 4 in Togo; and 1092 in Nigeria. See death_count_calculations.csv for death count calculations,GIDEON,N,NA,GIDEON,1,1,1,1,NA,WHO. https://www.afro.who.int/health-topics/lassa-fever,subset,20.6604572,GIDEON,244,1181,Nigeria,2020,GIDEON,"Outbreak across 27 states, all confirmed cases. Overall case fatality rate is 1% (high rate of asymptomatic cases)",3,bodily_fluids,ssRNA(+/-),Mammalia,2921,1969,0.40431359,796.093461,1090.95823,1
Lassa mammarenavirus,RODENTIA,155,1740,Sierra Leone,2008-2012,1,NA,179.65,Arenaviridae,0,direct,875,451,NA,NA,1320,2368,stringent,1969,1969,2020,51,Nigeria,Africa,1633,102 deaths in Liberia; 391 in Sierra Leone; 43 in Benin; 1 in Ghana; 4 in Togo; and 1092 in Nigeria. See death_count_calculations.csv for death count calculations,GIDEON,N,NA,GIDEON,1,1,1,1,NA,WHO. https://www.afro.who.int/health-topics/lassa-fever,subset,8.90804598,GIDEON,148,799,Sierra Leone,1996,GIDEON,Overall case fatality rate is 1% (high rate of asymptomatic cases),3,bodily_fluids,ssRNA(+/-),Mammalia,2921,495,0.59568641,294.864772,1090.95823,1
Louping ill virus,CETARTIODACTYLA,1,45,UK,1934-2014,2.22222222,NA,192.92,Flaviviridae,1,direct,8265,95,NA,NA,125,339,stringent,1962,1962,2020,58,UK,Europe,0,NA,Jeffries et al. 2014,N,NA,Jeffries et al. 2014,1,1,2.22222222,2.22222222,NA,Jeffries et al. 2014,all_recorded,2.22222222,Jeffries et al. 2014,0,1,UK,1962,Jeffries et al. 2014,Most cases are asymptomatic or result in mild flu-like symptoms,1,vector,ssRNA(+),Mammalia,45,39758,1,39758,39758,1
Lujo mammarenavirus,RODENTIA,4,5,South Africa,2008,80,NA,179.65,Arenaviridae,0,direct,875,451,NA,NA,169,2368,stringent,2008,2008,2020,12,South Africa,Africa,4,NA,CDC. https://www.cdc.gov/vhf/lujo/index.html,N,NA,CDC. https://www.cdc.gov/vhf/lujo/index.html,1,1,80,80,NA,CDC. https://www.cdc.gov/vhf/lujo/index.html,all_recorded,80,CDC. https://www.cdc.gov/vhf/lujo/index.html,4,5,South Africa,2008,CDC. https://www.cdc.gov/vhf/lujo/index.html,Nosocomial outbreak,1,inhalation_aerosolized_excreta,ssRNA(+/-),Mammalia,5,6151,1,6151,6151,1
Lymphocytic choriomeningitis mammarenavirus,RODENTIA,1,181,USA,not_specified,1,NA,179.65,Arenaviridae,0,direct,875,451,NA,NA,3957,2368,stringent,1960,1960,2020,60,USA,North_America,1,NA,Warkel et al. 1973,N,NA,CDC Fact Sheet. 2013. Lymphocytic Choriomengitis,1,1,1,1,NA,CDC Fact Sheet. 2013. Lymphocytic Choriomengitis,subset,0.552486188,CDC Fact Sheet. 2013. Lymphocytic Choriomengitis,1,181,USA,1973,CDC Fact Sheet. 2013. Lymphocytic Choriomengitis,"Only three outbreaks since 1960, only one of which was not a laboratory outbreak. This single natural outbreak was distributed by pet hamsters and included 181 cases and one death of a 19 year old girl",1,inhalation_aerosolized_excreta,ssRNA(+/-),Mammalia,100,60055,1,60055,60055,1
Macacine alphaherpesvirus 1,PRIMATES,21,50,USA,1932-2019,80,NA,0,Herpesviridae,0,direct,2882,1442,NA,NA,45179,502,stringent,1932,1950,2019,69,USA,North_America,21,NA,Eberle and Jones-Engel 2018,N,NA,Eberle and Jones-Engel 2018,1,1,80,80,NA,Eberle and Jones-Engel 2018,all_recorded,42,CDC. https://www.cdc.gov/herpesbvirus/cause.html?CDC_AA_refVal=https%3A%2F%2Fwww.cdc.gov%2Fherpesbvirus%2Fcause-incidence.html,1,1,USA,1997,CDC. https://www.cdc.gov/herpesbvirus/cause.html?CDC_AA_refVal=https%3A%2F%2Fwww.cdc.gov%2Fherpesbvirus%2Fcause-incidence.html,Only 1 case of human-to-human transmission,1,direct_contact,dsDNA,Mammalia,50,60055,1,60055,60055,0
Machupo mammarenavirus,RODENTIA,296,1370,Bolivia,1959-2014,30,NA,179.65,Arenaviridae,0,direct,875,451,NA,NA,314,2368,stringent,1959,1959,2014,55,Bolivia,South_America,296,NA,Patterson et al. 2014,N,NA,Patterson et al. 2014,1,1,25,35,NA,Patterson et al. 2014,all_recorded,21.6058394,Patterson et al. 2014,114,514,Bolivia,1963,Patterson et al. 2014,NA,2,inhalation_aerosolized_excreta,ssRNA(+/-),Mammalia,1370,3394,1,3394,3394,1
Mammalian 1 orthobornavirus,EULIPOTYPHLA,11,14,Germany,1999-2019,78.5714286,NA,192.92,Bornaviridae,0,direct,277,132,NA,NA,15,428,stringent,1999,1999,2019,20,Germany,Europe,11,NA,Helmut Niller et al. 2020,N,NA,Helmut Niller et al. 2020,1,1,78.5714286,78.5714286,NA,Helmut Niller et al. 2020,all_recorded,78.5714286,Helmut Niller et al. 2020,2,2,Germany,2013,GIDEON,"Recently discovered to cause severe and often fatal encephalitis in humans in 2018. Infections are believed to be rare, but severe when they occur",1,unknown,ssRNA(-),Mammalia,14,44976,1,44976,44976,0
Mammalian 1 orthobornavirus,RODENTIA,11,14,Germany,1999-2019,78.5714286,NA,179.65,Bornaviridae,0,direct,277,451,NA,NA,15,428,stringent,1999,1999,2019,20,Germany,Europe,11,NA,Helmut Niller et al. 2020,N,NA,Helmut Niller et al. 2020,1,1,78.5714286,78.5714286,NA,Helmut Niller et al. 2020,all_recorded,78.5714286,Helmut Niller et al. 2020,2,2,Germany,2013,GIDEON,"Recently discovered to cause severe and often fatal encephalitis in humans in 2018. Infections are believed to be rare, but severe when they occur",1,unknown,ssRNA(-),Mammalia,14,44976,1,44976,44976,0
Marburg marburgvirus,CHIROPTERA,329,374,Angola,2004,80.9199319,NA,192.92,Filoviridae,0,direct,1729,512,NA,NA,164,1308,stringent,1975,1975,2020,45,South Africa,Africa,468,Total of 468 deaths and 558 cases since first natural emergence in 1975; excluded Germany lab-caused outbreak,WHO. https://www.who.int/news-room/fact-sheets/detail/marburg-virus-disease,N,NA,WHO. https://www.who.int/news-room/fact-sheets/detail/marburg-virus-disease,1,1,80.9199319,80.9199319,Total of 468 deaths and 558 cases since first natural emergence in 1975; excluded Germany lab-caused outbreak,WHO. https://www.who.int/news-room/fact-sheets/detail/marburg-virus-disease,subset,87.9679144,GIDEON,329,374,Angola,2004,GIDEON,Listed on GIDEON as the two most notable outbreaks. Represent the majority of reported cases,3,bodily_fluids,ssRNA(-),Mammalia,477,4247,0.78406709,3329.93291,3429.90985,1
Marburg marburgvirus,CHIROPTERA,69,103,Democratic Republic of Congo,1998,80.9199319,NA,192.92,Filoviridae,0,direct,1729,512,NA,NA,164,1308,stringent,1975,1975,2020,45,South Africa,Africa,468,Total of 468 deaths and 558 cases since first natural emergence in 1975; excluded Germany lab-caused outbreak,WHO. https://www.who.int/news-room/fact-sheets/detail/marburg-virus-disease,N,NA,WHO. https://www.who.int/news-room/fact-sheets/detail/marburg-virus-disease,1,1,80.9199319,80.9199319,Total of 468 deaths and 558 cases since first natural emergence in 1975; excluded Germany lab-caused outbreak,WHO. https://www.who.int/news-room/fact-sheets/detail/marburg-virus-disease,subset,66.9902913,GIDEON,69,103,Democratic Republic of Congo,1998,GIDEON,Listed on GIDEON as the two most notable outbreaks. Represent the majority of reported cases,3,bodily_fluids,ssRNA(-),Mammalia,477,463,0.21593291,99.9769392,3429.90985,1
Menangle pararubulavirus,CHIROPTERA,0,2,Australia,1997,0,NA,192.92,Paramyxoviridae,0,bridged,3526,512,NA,NA,0,1308,stringent,1997,1997,2020,23,Australia,Australia,0,NA,Wildlife Health Australia 2016. https://www.wildlifehealthaustralia.com.au/Portals/0/Documents/FactSheets/Mammals/Menangle%20Virus%20Aug%202016%20(1.1).pdf; Guth et al. 2019,N,NA,Wildlife Health Australia 2016. https://www.wildlifehealthaustralia.com.au/Portals/0/Documents/FactSheets/Mammals/Menangle%20Virus%20Aug%202016%20(1.1).pdf; Guth et al. 2019,1,0,0,0,NA,Guth et al. 2019,subset,0,Wildlife Health Australia 2016. https://www.wildlifehealthaustralia.com.au/Portals/0/Documents/FactSheets/Mammals/Menangle%20Virus%20Aug%202016%20(1.1).pdf,0,2,Australia,1997,Wildlife Health Australia 2016. https://www.wildlifehealthaustralia.com.au/Portals/0/Documents/FactSheets/Mammals/Menangle%20Virus%20Aug%202016%20(1.1).pdf,NA,1,unknown,ssRNA(-),Mammalia,2,57613,1,57613,57613,1
Monkeypox virus,RODENTIA,56,5060,Democratic Republic of Congo,2019,5.5,NA,179.65,Poxviridae,0,direct,1531,451,NA,NA,301,2368,stringent,1970,1970,2020,50,Democratic Republic of Congo,Africa,967,NA,GIDEON; Beer and Rao 2019,Y,NA,GIDEON; Beer and Rao 2019,1,1,0,11,NA,GIDEON; Beer and Rao 2019,subset,1.10671937,GIDEON,56,5060,Democratic Republic of Congo,2019,GIDEON,Longest chain of between-human transmission is 4 serial cases.,2,bodily_fluids,dsDNA,Mammalia,9654,463,0.52413507,242.674539,463,1
Monkeypox virus,RODENTIA,171,4594,Democratic Republic of Congo,2020,5.5,NA,179.65,Poxviridae,0,direct,1531,451,NA,NA,301,2368,stringent,1970,1970,2020,50,Democratic Republic of Congo,Africa,967,NA,GIDEON; Beer and Rao 2019,Y,NA,GIDEON; Beer and Rao 2019,1,1,0,11,NA,GIDEON; Beer and Rao 2019,subset,3.72224641,GIDEON,171,4594,Democratic Republic of Congo,2020,GIDEON,Longest chain of between-human transmission is 4 serial cases.,2,bodily_fluids,dsDNA,Mammalia,9654,463,0.47586493,220.325461,463,1
MiddleEastrespiratorysyndrome-relatedcoronavirus,CHIROPTERA,804,2167,Saudi Arabia,2012-2020,34.42113442,NA,192.92,Coronaviridae,0,bridged,1637,512,NA,NA,1454,1308,stringent,2012,2012,2020,8,Saudi Arabia,Asia,886,NA,WHO. http://www.emro.who.int/health-topics/mers-cov/mers-outbreaks.html,N,NA,WHO. http://www.emro.who.int/health-topics/mers-cov/mers-outbreaks.html,1,0,34.42113442,34.42113442,Total of 2574 confirmed cases and 886 deaths,WHO. http://www.emro.who.int/health-topics/mers-cov/mers-outbreaks.html,subset,0.371019843,WHO. http://www.emro.who.int/health-topics/mers-cov/mers-outbreaks.html,NA,NA,NA,NA,WHO. http://www.emro.who.int/health-topics/mers-cov/mers-outbreaks.html,NA,3,respiratory,ssRNA(+),Mammalia,2167,20761,1,20761,20761,1
Nipah henipavirus,CHIROPTERA,223,312,Bangladesh,2001-2018,65.1884701,NA,192.92,Paramyxoviridae,0,direct,3526,512,NA,NA,1727,1308,stringent,1999,1999,2019,20,Malaysia,Asia,294,Nipah spillover via bats: Spills over ~anually in Bangladesh (223 deaths/312 cases); 3 outbreaks in India (71 deaths/139 cases),Nikolay et al. 2019; Aditi and Shariff 2019; GIDEON,N,NA,Nikolay et al. 2019; Aditi and Shariff 2019; GIDEON,1,1,65.1884701,65.1884701,294 deaths out of 451 cases in India and Bangladesh,GIDEON,subset,71.474359,GIDEON,50,67,Bangladesh,2004,GIDEON,Listed as a notable outbreak year on GIDEON,3,bodily_fluids,ssRNA(-),Mammalia,369,1492,0.82113821,1225.13821,1569.08943,1
Nipah henipavirus,CHIROPTERA,111,265,Malaysia,1998,42.5531915,NA,192.92,Paramyxoviridae,0,bridged,3526,512,NA,NA,1727,1308,stringent,1999,1999,2019,20,Malaysia,Asia,120,"Nipah spillover via a bridge host: First outbreak in Malaysia, spillover via pigs--this was the only outbreak in Malaysia (111 deaths/265 cases). One 2014 outbreak in the Philippines, for which the bridge host is unconfirmed, for which horses are the suspected bridge hosts (9 deaths/17 cases)",Nikolay et al. 2019; Aditi and Shariff 2019; GIDEON,N,NA,Nikolay et al. 2019; Aditi and Shariff 2019; GIDEON,1,0,42.5531915,42.5531915,111 deaths out of 265 cases in Malaysia; 9 deaths out of 17 cases in the Philippines,GIDEON,subset,41.8867925,GIDEON,105,265,Malaysia,1998,GIDEON,Outbreak spanned one year. Only outbreak in Malaysia. Listed as one of three notable outbreaks on GIDEON,1,bodily_fluids,ssRNA(-),Mammalia,265,9951,1,9951,9951,1
Nipah henipavirus,CHIROPTERA,45,66,India,2001,65.1884701,NA,192.92,Paramyxoviridae,0,direct,3526,512,NA,NA,1727,1308,stringent,1999,1999,2019,20,Malaysia,Asia,294,Nipah spillover via bats: Spills over ~anually in Bangladesh (223 deaths/312 cases); 3 outbreaks in India (71 deaths/139 cases),Nikolay et al. 2019; Aditi and Shariff 2019; GIDEON,N,NA,Nikolay et al. 2019; Aditi and Shariff 2019; GIDEON,1,1,65.1884701,65.1884701,294 deaths out of 451 cases in India and Bangladesh,GIDEON,subset,68.1818182,GIDEON,45,66,India,2001,GIDEON,Listed as one of three notable outbreaks on GIDEON,3,bodily_fluids,ssRNA(-),Mammalia,369,1923,0.17886179,343.95122,1569.08943,1
Omsk hemorrhagic fever virus,RODENTIA,21,1344,Russia,1946-1958,1.75,NA,179.65,Flaviviridae,1,direct,8265,451,NA,NA,168,2368,stringent,1941,1950,2020,70,Russia,Europe,17,"Very little surveillance, typically a mild infection. See death_count_calculations.csv for death count calculations",Ruzek et al. 2010,N,NA,Ruzek et al. 2010,1,1,0.5,3,NA,CDC. https://www.cdc.gov/vhf/omsk/pdf/factsheet.pdf,subset,1.5625,Gritson et al. 2003,1.62,103.38,Russia,1946,Gritson et al. 2003,Cases recorded between 1946 and 1958. Mortality estimated using averaged CFR. Highest number of cases recorded within a given time period,1,vector,ssRNA(+),Mammalia,1344,10956,1,10956,10956,1
Orf virus,CETARTIODACTYLA,0,8,USA,1981,0,NA,192.92,Poxviridae,0,direct,1531,95,NA,NA,289,339,stringent,unknown,1950,2020,70,unknown,unknown,0,NA,GIDEON,Y,NA,GIDEON,1,1,0,0,NA,GIDEON,subset,0,GIDEON,0,8,USA,1981,GIDEON,There have been only 4 cases of human-to-human transmission,1,direct_contact,dsDNA,Mammalia,8,60055,1,60055,60055,1
Orthohepevirus A,CETARTIODACTYLA,2,462,Japan,2007-2013,2.5,NA,192.92,Hepeviridae,0,direct,547,95,NA,NA,81,339,stringent,1978,1990,2019,29,India,Asia,41316,First outbreak was recognized in 1978 in India. Very difficult to calculate full burden so we started our death count at 1990 and used the GBD 2019 study statistics,http://ghdx.healthdata.org/gbd-results-tool,N,"No FDA approved vaccine. A vaccine was recently approved in China, but most likely did not have a significant effect on our death count",GIDEON,1,1,1,4,NA,Guth et al. 2019,subset,0.43290043,Kanayama et al. 2015,0.33,77,Japan,2007,Kanayama et al. 2015,"Also known as Hepatitis E. Genotypes 1 and 2 are human-specific, while 3 and 4 are zoonotic. Difficult to find outbreaks that have been confirmed to be zoonotic--this is the only one I could find",4,fecal_oral,ssRNA(+),Mammalia,462,38220,1,38220,38220,1
Powassan virus,RODENTIA,21,181,USA,2010-2019,11.6022099,NA,179.65,Flaviviridae,1,direct,8265,451,NA,NA,462,2368,stringent,1958,1958,2019,61,Canada,North_America,28,"27 cases total 1958-1998, estimated death count (3) with global CFR estimate; 11 deaths 1999-2016; 14 deaths 2016-2019. Only in the USA and Canada. See death_count_calculations.csv for death count calculations",Fatmi et al. 2017; https://www.cdc.gov/powassan/statistics.html,N,NA,CDC. https://www.cdc.gov/powassan/statistics.html,1,1,11.6022099,11.6022099,NA,CDC. https://www.cdc.gov/powassan/statistics.html,subset,11.6022099,CDC. https://www.cdc.gov/powassan/statistics.html,9,43,USA,2019,CDC. https://www.cdc.gov/powassan/statistics.html,Highest number of recently reported cases (probably not detected/reported before),1,vector,ssRNA(+),Mammalia,181,60055,1,60055,60055,1
Primate T-lymphotropic virus 1,PRIMATES,0,3,Cameroon,not_specified,0,NA,0,Retroviridae,0,direct,1461,1442,NA,NA,0,502,stringent,unknown,1950,2020,70,unknown,unknown,0,NA,Zheng et al. 2010,N,NA,Zheng et al. 2010,1,1,0,0,NA,Zheng et al. 2010,subset,0,Zheng et al. 2010,0,1,Cameroon,2010,Zheng et al. 2010,"Affects primarily rural indigenous populations and hunters. No recorded human deaths. However, it is important to note that very little is known about the pathogen and existing studies are predominantly serological. Case counts calculated from a few confirmed cases in Cameroon (virus first discovered and since predominantly found in bushmeat hunters in Cameroon). Outbreak year proxied with publication date",4,bodily_fluids,ssRNA-RT,Mammalia,3,1452,1,1452,1452,0
Primate T-lymphotropic virus 2,PRIMATES,0,9,Brazil,not_specified,0,NA,0,Retroviridae,0,direct,1461,1442,NA,NA,0,502,stringent,unknown,1950,2020,70,unknown,unknown,0,NA,Maloney et al. 1992,N,NA,Maloney et al. 1992,1,1,0,0,NA,Maloney et al. 1992,subset,0,Maloney et al. 1992,0,1,Brazil,2010,https://academic.oup.com/jid/article-lookup/doi/10.1093/infdis/166.1.100,"Affects primarily rural indigenous populations and hunters. No recorded human deaths. However, it is important to note that very little is known about the pathogen and existing studies are predominantly serological. Case counts calculated from a few confirmed cases in Cameroon (virus first discovered and since predominantly found in bushmeat hunters in Cameroon). Outbreak year proxied with publication date",4,bodily_fluids,ssRNA-RT,Mammalia,9,9821,1,9821,9821,0
Primate T-lymphotropic virus 3,PRIMATES,0,3,Cameroon,not_specified,0,NA,0,Retroviridae,0,direct,1461,1442,NA,NA,0,502,stringent,unknown,1950,2020,70,unknown,unknown,0,NA,Zheng et al. 2010,N,NA,Zheng et al. 2010,1,1,0,0,NA,Zheng et al. 2010,subset,0,Zheng et al. 2010,0,1,Cameroon,2010,Zheng et al. 2010,"Affects primarily rural indigenous populations and hunters. No recorded human deaths. However, it is important to note that very little is known about the pathogen and existing studies are predominantly serological. Case counts calculated from a few confirmed cases in Cameroon (virus first discovered and since predominantly found in bushmeat hunters in Cameroon). Outbreak year proxied with publication date",4,bodily_fluids,ssRNA-RT,Mammalia,3,1452,1,1452,1452,0
Pseudocowpox virus,CETARTIODACTYLA,0,136,Croatia,1967,0,NA,192.92,Poxviridae,0,direct,1531,95,NA,NA,47,339,stringent,unknown,1950,2020,70,unknown,unknown,0,NA,GIDEON,N,NA,GIDEON,1,1,0,0,NA,GIDEON,subset,0,GIDEON,0,136,Croatia,1967,GIDEON,By far the largest outbreak--only affects people who work with cattle,1,direct_contact,dsDNA,Mammalia,136,13177,1,13177,13177,1
Puumala orthohantavirus,RODENTIA,2,6701,Finland,1989-1996,0.55,NA,179.65,Bunyaviridae,0,direct,99,451,NA,NA,703,2368,stringent,unknown,1980,2018,38,Finland,Europe,267,"For death count calculations, see death_count_calculations.csv (under rodent-borne_hantaviruses).",GIDEON; Papa 2012; Connolly-Anderson et al. 2013; Vaheri et al. 2010,N,NA,GIDEON; Papa 2012; Connolly-Anderson et al. 2013; Vaheri et al. 2010,1,1,0.1,1,NA,Guth et al. 2019,subset,0.02984629,Brummer-Korvenkontio et al. 1999,0,1407,Russia,1992,Brummer-Korvenkontio et al. 1999,Zenqiang et al. 2008 reports that PUUV is the causative agent of all hantavirus infections in Finland,1,inhalation_aerosolized_excreta,ssRNA(-),Mammalia,11983,45670,0.55920888,25539.0695,49360.7441,1
Puumala orthohantavirus,RODENTIA,21,5282,Sweden,1997-2007,0.55,NA,179.65,Bunyaviridae,0,direct,99,451,NA,NA,703,2368,stringent,unknown,1980,2018,38,Finland,Europe,267,"For death count calculations, see death_count_calculations.csv (under rodent-borne_hantaviruses).",GIDEON; Papa 2012; Connolly-Anderson et al. 2013; Vaheri et al. 2010,N,NA,GIDEON; Papa 2012; Connolly-Anderson et al. 2013; Vaheri et al. 2010,1,1,0.1,1,NA,Guth et al. 2019,subset,0.39757668,Hjertqvist et al. 2010,2,972,Sweden,2007,Pettersson et al. 2008,Analysis of mortality rates from nephropathia epidemica (all cases attributed to PUUV) in Sweden from 1997-2007. Zenqiang et al. 2008 also reports that PUUV is the causative agent of all hantavirus infections in Sweden,1,inhalation_aerosolized_excreta,ssRNA(-),Mammalia,11983,54043,0.44079112,23821.6745,49360.7441,1
Rabies lyssavirus,CARNIVORA,93,93,Angola,2009,100,NA,192.92,Rhabdoviridae,0,direct,1931,512,NA,NA,1392,288,stringent,pre-1950,1990,2019,29,unknown,unknown,183285,"Rabies has caused deaths in human populations for centuries, but we were unable to find reliable death counts for 1950-1975 so we began the death count in 1976 (which we can do because years_since_first_death is included in our model). GIDEON estimated 627,000 deaths 1976-1995; GBD 2019 study estimated 183285 deaths 1995-2019",GIDEON; http://ghdx.healthdata.org/gbd-results-tool,Y,NA,GIDEON,1,1,100,100,NA,GIDEON,subset,100,GIDEON,93,93,Angola,2009,GIDEON,"The Launda outbreak, stray dogs",1,biting,ssRNA(-),Mammalia,134,4247,0.69402985,2947.54478,5249.33582,1
Rabies lyssavirus,CARNIVORA,29,29,Peru,1990,100,NA,192.92,Rhabdoviridae,0,direct,1931,512,NA,NA,1392,288,stringent,pre-1950,1990,2019,29,unknown,unknown,183285,"Rabies has caused deaths in human populations for centuries, but we were unable to find reliable death counts for 1950-1975 so we began the death count in 1976 (which we can do because years_since_first_death is included in our model). GIDEON estimated 627,000 deaths 1976-1995; GBD 2019 study estimated 183285 deaths 1995-2019",GIDEON; http://ghdx.healthdata.org/gbd-results-tool,Y,NA,GIDEON,1,1,100,100,NA,GIDEON,subset,100,GIDEON; Lopez et al. 1992,29,29,Peru,1990,GIDEON; Lopez et al. 1992,"The Launda outbreak, stray dogs",1,biting,ssRNA(-),Mammalia,134,6572,0.21641791,1422.29851,5249.33582,1
Rabies lyssavirus,CARNIVORA,12,12,Brazil,not_specified,100,NA,192.92,Rhabdoviridae,0,direct,1931,512,NA,NA,1392,288,stringent,pre-1950,1990,2019,29,unknown,unknown,183285,"Rabies has caused deaths in human populations for centuries, but we were unable to find reliable death counts for 1950-1975 so we began the death count in 1976 (which we can do because years_since_first_death is included in our model). GIDEON estimated 627,000 deaths 1976-1995; GBD 2019 study estimated 183285 deaths 1995-2019",GIDEON; http://ghdx.healthdata.org/gbd-results-tool,Y,NA,GIDEON,1,1,100,100,NA,GIDEON,subset,100,"da Rosa et al. 2006. Bat-transmitted Human Rabies Outbreaks, Brazilian Amazon. https://dx.doi.org/10.3201%2F1208.050929",8,8,Brazil,2006,"da Rosa et al. 2006. Bat-transmitted Human Rabies Outbreaks, Brazilian Amazon. https://dx.doi.org/10.3201%2F1208.050929",Outbreak date proxied,1,biting,ssRNA(-),Mammalia,134,9821,0.08955224,879.492537,5249.33582,1
Rabies lyssavirus,CHIROPTERA,93,93,Angola,2009,100,NA,192.92,Rhabdoviridae,0,direct,1931,512,NA,NA,1392,1308,stringent,pre-1950,1990,2019,29,unknown,unknown,183285,"Rabies has caused deaths in human populations for centuries, but we were unable to find reliable death counts for 1950-1975 so we began the death count in 1976 (which we can do because years_since_first_death is included in our model). GIDEON estimated 627,000 deaths 1976-1995; GBD 2019 study estimated 183285 deaths 1995-2019",GIDEON; http://ghdx.healthdata.org/gbd-results-tool,Y,NA,GIDEON,1,1,100,100,NA,GIDEON,subset,100,GIDEON,93,93,Angola,2009,GIDEON,"The Launda outbreak, stray dogs",1,biting,ssRNA(-),Mammalia,134,4247,0.69402985,2947.54478,5249.33582,1
Rabies lyssavirus,CHIROPTERA,29,29,Peru,1990,100,NA,192.92,Rhabdoviridae,0,direct,1931,512,NA,NA,1392,1308,stringent,pre-1950,1990,2019,29,unknown,unknown,183285,"Rabies has caused deaths in human populations for centuries, but we were unable to find reliable death counts for 1950-1975 so we began the death count in 1976 (which we can do because years_since_first_death is included in our model). GIDEON estimated 627,000 deaths 1976-1995; GBD 2019 study estimated 183285 deaths 1995-2019",GIDEON; http://ghdx.healthdata.org/gbd-results-tool,Y,NA,GIDEON,1,1,100,100,NA,GIDEON,subset,100,GIDEON; Lopez et al. 1992,29,29,Peru,1990,GIDEON; Lopez et al. 1992,"The Launda outbreak, stray dogs",1,biting,ssRNA(-),Mammalia,134,6572,0.21641791,1422.29851,5249.33582,1
Rabies lyssavirus,CHIROPTERA,12,12,Brazil,not_specified,100,NA,192.92,Rhabdoviridae,0,direct,1931,512,NA,NA,1392,1308,stringent,pre-1950,1990,2019,29,unknown,unknown,183285,"Rabies has caused deaths in human populations for centuries, but we were unable to find reliable death counts for 1950-1975 so we began the death count in 1976 (which we can do because years_since_first_death is included in our model). GIDEON estimated 627,000 deaths 1976-1995; GBD 2019 study estimated 183285 deaths 1995-2019",GIDEON; http://ghdx.healthdata.org/gbd-results-tool,Y,NA,GIDEON,1,1,100,100,NA,GIDEON,subset,100,"da Rosa et al. 2006. Bat-transmitted Human Rabies Outbreaks, Brazilian Amazon. https://dx.doi.org/10.3201%2F1208.050929",8,8,Brazil,2006,"da Rosa et al. 2006. Bat-transmitted Human Rabies Outbreaks, Brazilian Amazon. https://dx.doi.org/10.3201%2F1208.050929",Outbreak date proxied,1,biting,ssRNA(-),Mammalia,134,9821,0.08955224,879.492537,5249.33582,1
Rift Valley fever phlebovirus,CETARTIODACTYLA,79,1962,Sudan,2019,1,NA,192.92,Bunyaviridae,1,direct,192,95,NA,NA,44,339,stringent,1931,1950,2019,69,Kenya,Africa,3053,First outbreak was in 1931 in Kenya. See death_count_calculations.csv for death count calculations,Nanyingi et al. 2015; GIDEON,Y,NA,Nanyingi et al. 2015; GIDEON,1,1,1,1,NA,WHO. https://www.who.int/news-room/fact-sheets/detail/rift-valley-fever,subset,4.02650357,GIDEON,79,1962,Sudan,2019,GIDEON,The two largest of the most notable outbreaks (listed on GIDEON) in humans,1,vector,ssRNA(+/-),Mammalia,3049,2967,0.64348967,1909.23385,2262.17908,1
Rift Valley fever phlebovirus,CETARTIODACTYLA,121,1087,Yemen,2000,1,NA,192.92,Bunyaviridae,1,direct,192,95,NA,NA,44,339,stringent,1931,1950,2019,69,Kenya,Africa,3053,First outbreak was in 1931 in Kenya. See death_count_calculations.csv for death count calculations,Nanyingi et al. 2015; GIDEON,Y,NA,Nanyingi et al. 2015; GIDEON,1,1,1,1,NA,WHO. https://www.who.int/news-room/fact-sheets/detail/rift-valley-fever,subset,11.1315547,CDC. https://www.cdc.gov/mmwr/preview/mmwrhtml/mm4947a3.htm; GIDEON,121,1087,Yemen,2000,CDC. https://www.cdc.gov/mmwr/preview/mmwrhtml/mm4947a3.htm; GIDEON,The two largest of the most notable outbreaks (listed on GIDEON) in humans,1,vector,ssRNA(+/-),Mammalia,3049,990,0.35651033,352.945228,2262.17908,1
Ross River virus,DIPROTODONTIA,0,9544,Australia,2015,0,NA,317.2,Togaviridae,1,direct,2327,21,NA,NA,820,143,stringent,1928,1950,2020,70,Australia,Australia,0,First outbreak was in 1928 in Australia,Murphy et al. 2020,N,NA,Murphy et al. 2020,1,1,0,0,NA,Murphy et al. 2020,subset,0,Murphy et al. 2020,0,9544,Australia,2015,Murphy et al. 2020,Never fatal. Most common arbovirus in Australia. Largest recorded outbreak,1,vector,ssRNA(+),Mammalia,9544,57613,1,57613,57613,1
Rotavirus A,CETARTIODACTYLA,0,32,Taiwan,2014,0.3275,NA,192.92,Reoviridae,0,direct,2261,95,NA,NA,941,502,stringent,NA,NA,NA,NA,NA,unknown,NA,NA,NA,Y,NA,Wu et al. 2017,1,1,0.255,0.4,NA,Guth et al. 2019,subset,0,Wu et al. 2017,0,32,Taiwan,2014,Wu et al. 2017,Very difficult to find zoonotic outbreak data,4,fecal_oral,dsRNA,Mammalia,32,24390,1,24390,24390,1
Sealpox virus,CARNIVORA,0,2,USA,2007-2009,0,NA,192.92,Poxviridae,0,direct,15,402,NA,NA,7,288,stringent,unknown,1989,2020,31,USA,North_America,0,Often not reported so emergence year is unclear--started death count with earliest publication date,Roess et al. 2011,N,NA,Roess et al. 2011,1,1,0,0,NA,Roess et al. 2011,subset,0,Roess et al. 2011,0,1,USA,2007,Roess et al. 2011,NA,1,direct_contact,dsDNA,Mammalia,2,60055,1,60055,60055,1
Seoul orthohantavirus,RODENTIA,0,51,China,2006,0,NA,179.65,Bunyaviridae,0,direct,99,451,NA,NA,485,2368,stringent,unknown,1982,2020,38,Korea,Asia,0,NA,Zhang et al. 2011,N,NA,Zhang et al. 2011,1,1,0,0,NA,Zhang et al. 2011,subset,0,Zhang et al. 2011,0,51,China,2006,Zhang et al. 2011,NA,1,inhalation_aerosolized_excreta,ssRNA(-),Mammalia,51,8682,1,8682,8682,1
Severe acute respiratory syndrome-related coronavirus-2,CHIROPTERA,385413,23097938,USA,2020-2021,2.19365463,NA,192.92,Coronaviridae,0,bridged,308,512,NA,NA,3987,1308,stringent,2019,2020,2021.39,1.39,China,Asia,2581976,"As of March 7th, 2021",https://covid19.who.int/,N,"The vaccine has only recently become available and thus, there are no significant vaccination effects on the death burden during the first year of the pandemic",https://covid19.who.int/region/amro/country/br,1,0,2.19365463,2.19365463,"CFR calculated from global death and case data up through February 11, 2021",https://covid19.who.int/,subset,1.66860349,https://covid19.who.int/region/amro/country/br,385413,23097938,USA,2020,https://covid19.who.int/region/amro/country/br,Jan 3 2020 to Jan 16 2021,4,respiratory,ssRNA(+),Mammalia,41965073,60055,0.55040862,33054.7898,35486.0205,1
Severe acute respiratory syndrome-related coronavirus-2,CHIROPTERA,152093,10542841,India,2020-2021,2.19365463,NA,192.92,Coronaviridae,0,bridged,308,512,NA,NA,3987,1308,stringent,2019,2020,2021.39,1.39,China,Asia,2581976,"As of March 7th, 2021",https://covid19.who.int/,N,"The vaccine has only recently become available and thus, there are no significant vaccination effects on the death burden during the first year of the pandemic",https://covid19.who.int/region/amro/country/br,1,0,2.19365463,2.19365463,"CFR calculated from global death and case data up through February 11, 2021",https://covid19.who.int/,subset,1.44261874,https://covid19.who.int/region/amro/country/br,152093,10542841,India,2020,https://covid19.who.int/region/amro/country/br,Jan 3 2020 to Jan 16 2021,4,respiratory,ssRNA(+),Mammalia,41965073,1923,0.25122894,483.11326,35486.0205,1
Severe acute respiratory syndrome-related coronavirus-2,CHIROPTERA,207095,8324294,Brazil,2020-2021,2.19365463,NA,192.92,Coronaviridae,0,bridged,308,512,NA,NA,3987,1308,stringent,2019,2020,2021.39,1.39,China,Asia,2581976,"As of March 7th, 2021",https://covid19.who.int/,N,"The vaccine has only recently become available and thus, there are no significant vaccination effects on the death burden during the first year of the pandemic",https://covid19.who.int/region/amro/country/br,1,0,2.19365463,2.19365463,"CFR calculated from global death and case data up through February 11, 2021",https://covid19.who.int/,subset,2.48783861,https://covid19.who.int/region/amro/country/br,207095,8324294,Brazil,2020,https://covid19.who.int/region/amro/country/br,Jan 3 2020 to Jan 16 2021,4,respiratory,ssRNA(+),Mammalia,41965073,9821,0.19836243,1948.11746,35486.0205,1
Severe acute respiratory syndrome-related coronavirus,CHIROPTERA,41,251,Canada,2003,9.55791553,NA,192.92,Coronaviridae,0,bridged,1637,512,NA,NA,2864,1308,stringent,2003,2003,2020,17,China,Asia,774,NA,CDC. https://www.cdc.gov/sars/about/fs-sars.html,N,NA,GIDEON,1,0,9.55791553,9.55791553,774 deaths out of 8098 cases,CDC. https://www.cdc.gov/sars/about/fs-sars.html,subset,16.3346614,GIDEON,41,251,Canada,2003,GIDEON,NA,3,respiratory,ssRNA(+),Mammalia,6243,44974,0.04020503,1808.181,11814.3261,1
Severe acute respiratory syndrome-related coronavirus,CHIROPTERA,349,5327,China,2003,9.55791553,NA,192.92,Coronaviridae,0,bridged,1637,512,NA,NA,2864,1308,stringent,2003,2003,2020,17,China,Asia,774,NA,CDC. https://www.cdc.gov/sars/about/fs-sars.html,N,NA,GIDEON,1,0,9.55791553,9.55791553,774 deaths out of 8098 cases,CDC. https://www.cdc.gov/sars/about/fs-sars.html,subset,6.55152994,GIDEON,349,5327,China,2003,GIDEON,NA,3,respiratory,ssRNA(+),Mammalia,6243,8682,0.85327567,7408.13936,11814.3261,1
Severe acute respiratory syndrome-related coronavirus,CHIROPTERA,180,665,Taiwan,2003,9.55791553,NA,192.92,Coronaviridae,0,bridged,1637,512,NA,NA,2864,1308,stringent,2003,2003,2020,17,China,Asia,774,NA,CDC. https://www.cdc.gov/sars/about/fs-sars.html,N,NA,GIDEON,1,0,9.55791553,9.55791553,774 deaths out of 8098 cases,CDC. https://www.cdc.gov/sars/about/fs-sars.html,subset,27.0676692,GIDEON,180,665,Taiwan,2003,GIDEON,NA,3,respiratory,ssRNA(+),Mammalia,6243,24390,0.1065193,2598.00577,11814.3261,1
Sin Nombre orthohantavirus,RODENTIA,16,42,USA,1998-1999,38.0952381,NA,179.65,Bunyaviridae,0,direct,99,451,NA,NA,690,2368,stringent,1993,1993,2018,25,USA,North_America,140,Death counts for hantavirus pulmonary syndrome (HPS) in the USA--Sin Nombre accounts for 95% of HPS cases in the USA. See death_count_calculations.csv for death count calculations,Hjelle et al. 2000,N,NA,Hjelle et al. 2000,1,1,38.0952381,38.0952381,NA,Hjelle et al. 2000,subset,38.0952381,Hjelle et al. 2000,16,42,USA,1998,Hjelle et al. 2000,1 year outbreak that spanned 1998-1999,1,inhalation_aerosolized_excreta,ssRNA(-),Mammalia,42,60055,1,60055,60055,1
Sosuga pararubulavirus,CHIROPTERA,0,1,USA,2012,0,NA,192.92,Paramyxoviridae,0,direct,3526,512,NA,NA,0,1308,stringent,2012,2012,2020,8,South Sudan/Uganda,Africa,0,"Researcher was infected while traveling in South Sudan and Uganda, but treated upon returning to the USA. Exact location of source is unknown",Welch et al. 2018,N,NA,Welch et al. 2018,1,1,0,0,NA,Welch et al. 2018,all_recorded,0,Welch et al. 2018,0,1,USA,2012,Welch et al. 2018,"Researcher was infected while traveling in South Sudan and Uganda, but treated upon returning to the USA",1,unknown,ssRNA(-),Mammalia,1,60055,1,60055,60055,1
Suid alphaherpesvirus 1,CETARTIODACTYLA,0,6,China,1987; 2019; 2020,0,NA,192.92,Herpesviridae,0,direct,2882,95,NA,NA,729,339,stringent,1987,1987,2020,33,China,Asia,0,NA,GIDEON,Y,NA,GIDEON,1,1,0,0,NA,GIDEON,all_recorded,0,GIDEON,0,1,China,2019,GIDEON,NA,1,direct_contact,dsDNA,Mammalia,6,8682,1,8682,8682,0
Tanapox virus,PRIMATES,0,264,Democratic Republic of Congo,1979-1983,0,NA,0,Poxviridae,0,direct,1531,1442,NA,NA,41,502,stringent,1957,1957,2020,63,Kenya,Africa,0,"Causes lesions and mild febrile illness, not believed to be fatal",Arita et al. 1985,N,NA,Arita et al. 1985,1,1,0,0,NA,Arita et al. 1985,subset,0,Arita et al. 1985,0,52.8,Democratic Republic of Congo,1979,Arita et al. 1985,"Vector transmission has been hypothesized, but unconfirmed. Clustering of cases in households during Zaire outbreak suggest human-to-human transmission",2,unknown,dsDNA,Mammalia,264,463,1,463,463,1
Tick-borne encephalitis virus,RODENTIA,3,379,Russia,2011,2,NA,179.65,Flaviviridae,1,direct,8265,451,NA,NA,2,2368,stringent,1937,1950,2016,66,Russia,Europe,3768,"226472 cases from 1976-2016; No precise records pre-1976, estimated 950 cases/year for 1950-1975 based on Gritsun et al. 2003. Estimated death count with 1.5% average CFR",Suss 2008,Y,NA,Suss 2008,1,1,2,2,NA,Ruzek et al. 2019,subset,0.79155673,GIDEON,3,379,Slovakia,2011,GIDEON,"Birds hypothesized to play a dispersal role, but rodents are the reservoir. Largest outbreak in Russia with death records",1,vector,ssRNA(+),Mammalia,379,10956,1,10956,10956,1
Tula orthohantavirus,RODENTIA,0,1,Czech Republic,2011,0,NA,179.65,Bunyaviridae,0,direct,99,451,NA,NA,275,2368,stringent,2012,2012,2020,8,Czech Republic,Europe,0,NA,Zelena et al. 2013,N,NA,Zelena et al. 2013,1,1,0,0,NA,Zelena et al. 2013,subset,0,Zelena et al. 2013,0,1,Czech Republic,2011,Zelena et al. 2013,"Hypothesized to be non-pathogenic. Difficult to distinguish from other hantaviruses. Likely more cases, but mostly serological evidence",1,inhalation_aerosolized_excreta,ssRNA(-),Mammalia,1,20326,1,20326,20326,1
Venezuelan equine encephalitis virus,RODENTIA,24,12317,Venezuela,1995,0.19485264,NA,179.65,Togaviridae,1,direct,2327,451,NA,NA,1722,2368,stringent,1950,1950,2019,69,Colombia,South_America,1013,First recorded outbreak was in 1950. See death_count_calculations.csv for death count calculations,GIDEON; Aguilar et al. 2011,Y,"Vaccination in horses for decades, which is suspected to have reduced transmission",AAEP. https://aaep.org/guidelines/vaccination-guidelines/core-vaccination-guidelines/easternwestern-equine-encephalomyelitis,1,1,0.19485264,0.19485264,CFR is estimated to be less than 1%; we calculated from outbreak data,Crosby and Crespo 2021,subset,0.19485264,GIDEON; https://www.paho.org/english/sha/epibul_95-98/be954out.htm,24,12317,Venezuela,1995,GIDEON; https://www.paho.org/english/sha/epibul_95-98/be954out.htm,NA,1,vector,ssRNA(+),Mammalia,12317,7977,1,7977,7977,1
Western chimpanzee simian foamy virus,PRIMATES,0,15,Gabon,not_specified,0,NA,0,Retroviridae,0,direct,1461,1442,NA,NA,0,502,stringent,unknown,1950,2020,70,unknown,unknown,0,NA,Mouinga-Ondeme et al. 2011,N,NA,Mouinga-Ondeme et al. 2011,1,1,0,0,NA,Mouinga-Ondeme et al. 2011,subset,0,Mouinga-Ondeme et al. 2011,0,4,Gabon,2010,Mouinga-Ondeme et al. 2011,"Nonpathogenic in humans so often not detected. Studies are most often serological. For the ""per outbreak"" data, we only counted individuals bitten within a year prior to the study (years since bite ranged from 1-45)",1,biting,ssRNA-RT,Mammalia,28,7221,0.53571429,3868.39286,4542.53571,0
Western chimpanzee simian foamy virus,PRIMATES,0,13,Cameroon,not_specified,0,NA,0,Retroviridae,0,direct,1461,1442,NA,NA,0,502,stringent,unknown,1950,2020,70,unknown,unknown,0,NA,Calattini et al. 2007,N,NA,Calattini et al. 2007,1,1,0,0,NA,Calattini et al. 2007,subset,0,Calattini et al. 2007,0,1,Cameroon,2010,Calattini et al. 2007,Nonpathogenic in humans so often not detected. Studies are most often serological,1,biting,ssRNA-RT,Mammalia,28,1452,0.46428571,674.142857,4542.53571,0
Whitewater Arroyo mammarenavirus,RODENTIA,3,3,USA,1999-2000,100,NA,179.65,Arenaviridae,0,direct,875,451,NA,NA,81,2368,stringent,1999,1999,2020,21,USA,North_America,3,NA,"CFSPH 2010; CDC. Fatal Illnesses Associated with a New World Arenavirus -- California, 1999-2000. https://www.cdc.gov/mmwr/preview/mmwrhtml/mm4931a1.htm",N,NA,"CFSPH 2010; CDC. Fatal Illnesses Associated with a New World Arenavirus -- California, 1999-2000. https://www.cdc.gov/mmwr/preview/mmwrhtml/mm4931a1.htm",1,1,100,100,NA,"CFSPH 2010; CDC. Fatal Illnesses Associated with a New World Arenavirus -- California, 1999-2000. https://www.cdc.gov/mmwr/preview/mmwrhtml/mm4931a1.htm",all_recorded,100,"CFSPH 2010; CDC. Fatal Illnesses Associated with a New World Arenavirus -- California, 1999-2000. https://www.cdc.gov/mmwr/preview/mmwrhtml/mm4931a1.htm",3,3,USA,1999,"CFSPH 2010; CDC. Fatal Illnesses Associated with a New World Arenavirus -- California, 1999-2000. https://www.cdc.gov/mmwr/preview/mmwrhtml/mm4931a1.htm",NA,1,inhalation_aerosolized_excreta,ssRNA(+/-),Mammalia,3,60055,1,60055,60055,1
Yellow fever virus,PRIMATES,426,3564,Brazil,2016-2017,32.5,NA,0,Flaviviridae,1,direct,8265,1442,NA,NA,1868,502,stringent,pre-1950,1950,2019,69,unknown,Africa,96559,3577 deaths 1950-1970 (WHO 2000); GIDEON reported deaths 1971-1989; GBD 2019 study 1990-2019,GIDEON; http://ghdx.healthdata.org/gbd-results-tool,Y,NA,GIDEON,1,1,15,50,NA,WHO. https://www.who.int/csr/resources/publications/yellowfev/CSR_ISR_2000_1/en/,subset,11.952862,GIDEON,213,1782,Brazil,2016,GIDEON,Listed as the largest most outbreak post 2000,4,vector,ssRNA(+),Mammalia,119564,9821,0.0298083,292.747349,2203.0548,1
Yellow fever virus,PRIMATES,24000,116000,Nigeria,1986,32.5,NA,0,Flaviviridae,1,direct,8265,1442,NA,NA,1868,502,stringent,pre-1950,1950,2019,69,unknown,Africa,96559,3577 deaths 1950-1970 (WHO 2000); GIDEON reported deaths 1971-1989; GBD 2019 study 1990-2019,GIDEON; http://ghdx.healthdata.org/gbd-results-tool,Y,NA,GIDEON,1,1,15,50,NA,WHO. https://www.who.int/csr/resources/publications/yellowfev/CSR_ISR_2000_1/en/,subset,20.6896552,GIDEON,24000,116000,Nigeria,1986,GIDEON,Listed as the largest notable outbreak,4,vector,ssRNA(+),Mammalia,119564,1969,0.9701917,1910.30745,2203.0548,1
Ebolavirus,CHIROPTERA,798,992,Guinea,2015,76,NA,192.92,Filoviridae,0,direct,1729,512,NA,NA,1408,1308,stringent,1976,1976,2019,43,South Sudan; Democratic Republic of Congo,Africa,24394,GIDEON counts 1976-1989; GBD 2019 study for 1990-2019,GIDEON; http://ghdx.healthdata.org/gbd-results-tool,N,NA,GIDEON,1,1,76,76,NA,Guth et al. 2019,subset,80.4435484,GIDEON,798,992,Guinea,2015,GIDEON,"The 2014-2016 outbreak was the most notable outbreak, with the majority of cases happening in 2015. Guinea, Liberia, and Sierra Leone had the largest outbreaks--but Liberia didn't have sufficient confirmed case data",3,bodily_fluids,ssRNA(-),Mammalia,2243,803,0.44226482,355.138654,631.217566,1
Ebolavirus,CHIROPTERA,1105,1251,Sierra Leone,2015,76,NA,192.92,Filoviridae,0,direct,1729,512,NA,NA,1408,1308,stringent,1976,1976,2019,43,South Sudan; Democratic Republic of Congo,Africa,24394,GIDEON counts 1976-1989; GBD 2019 study for 1990-2019,GIDEON; http://ghdx.healthdata.org/gbd-results-tool,N,NA,GIDEON,1,1,76,76,NA,Guth et al. 2019,subset,88.3293365,GIDEON,1105,1251,Sierra Leone,2015,GIDEON,"The 2014-2016 outbreak was the most notable outbreak, with the majority of cases happening in 2015. Guinea, Liberia, and Sierra Leone had the largest outbreaks--but Liberia didn't have sufficient confirmed case data",3,bodily_fluids,ssRNA(-),Mammalia,2243,495,0.55773518,276.078912,631.217566,1
Zika virus,PRIMATES,0,128793,Brazil,2016,8.3,NA,0,Flaviviridae,1,direct,8265,1442,NA,NA,5702,502,stringent,1952,1952,2019,67,Uganda,Africa,612,20 deaths 2013-2015; 35 deaths 2016-2019; no reported/detected deaths in Africa; 557 deaths from congenital complications 2015-2017 in Brazil; deaths from congenital complications are underreported and thus our death count is like an underestimation,Bhargavi and Moa 2020; GIDEON; Costa et al. 2020,N,NA,Bhargavi and Moa 2020; GIDEON; Costa et al. 2020,1,1,8.3,8.3,Includes microcephaly deaths,Cunha et al. 2017,subset,0,PAHO. Cases of Zika Virus Disease by Country or Territory: Cumulative Cases. https://www.paho.org/data/index.php/en/?option=com_content&view=article&id=524:zika-weekly-en&Itemid=352,0,128793,Brazil,2016,PAHO. Cases of Zika Virus Disease by Country or Territory: Cumulative Cases. https://www.paho.org/data/index.php/en/?option=com_content&view=article&id=524:zika-weekly-en&Itemid=352,By far the highest number of confirmed cases (other countries are <1000),4,vector,ssRNA(+),Mammalia,128793,9821,1,9821,9821,1
Kyasanur Forest disease virus,PRIMATES,28,823,India,2003-2012,4,NA,0,Flaviviridae,1,direct,8265,1442,NA,NA,115,502,stringent,NA,1957,2017,60,India,Asia,396,Only recorded outbreaks have been in India. 9908 cases recorded up through 2017 according to GIDEON. We were unable to find death counts and thus estimated total deaths with a 4% CFR rate,GIDEON,Y,NA,CDC. https://www.cdc.gov/vhf/kyasanur/pdf/factsheet.pdf,1,1,3,5,NA,CDC. https://www.cdc.gov/vhf/kyasanur/pdf/factsheet.pdf,subset,3.40218712,Holbrook et al. 2012,11,306,India,2003,Holbrook et al. 2012,Largest recorded outbreak based on confirmed cases,1,vector,ssRNA(+),Mammalia,823,1923,1,1923,1923,1
Changuinola virus,PILOSA,0,1,Panama,1966,0,NA,210,Reoviridae,1,direct,2261,20,NA,NA,15,10,stringent,1966,1966,2020,54,Panama,South_America,0,NA,Silva et al. 2014,N,NA,Silva et al. 2014,1,1,0,0,NA,Silva et al. 2014,all_recorded,0,Silva et al. 2014,0,1,Panama,1966,Silva et al. 2014,Single case in an entomology field worker,1,vector,dsRNA,Mammalia,1,15088,1,15088,15088,1
Shuni orthobunyavirus,CETARTIODACTYLA,0,7,South Africa,2017,0,NA,192.92,Peribunyaviridae,1,direct,2825,95,NA,NA,26,339,stringent,1966,1966,2020,54,South Africa,Africa,0,NA,"Motlou et al. 2021. Shuni Virus in Cases of Neurologic Disease in Humans, South Africa. https://wwwnc.cdc.gov/eid/article/27/2/19-1551_article",N,NA,"Motlou et al. 2021. Shuni Virus in Cases of Neurologic Disease in Humans, South Africa. https://wwwnc.cdc.gov/eid/article/27/2/19-1551_article",1,1,0,0,NA,"Motlou et al. 2021. Shuni Virus in Cases of Neurologic Disease in Humans, South Africa. https://wwwnc.cdc.gov/eid/article/27/2/19-1551_article",subset,0,"Motlou et al. 2021. Shuni Virus in Cases of Neurologic Disease in Humans, South Africa. https://wwwnc.cdc.gov/eid/article/27/2/19-1551_article",0,7,South Africa,2017,"Motlou et al. 2021. Shuni Virus in Cases of Neurologic Disease in Humans, South Africa. https://wwwnc.cdc.gov/eid/article/27/2/19-1551_article","Before this outbreak, there had been only 1 confirmed case of Shuni since 1966",1,vector,ssRNA(-),Mammalia,7,6151,1,6151,6151,1
Choclo orthohantavirus,RODENTIA,4,20,Panama,1999,20,NA,179.65,Bunyaviridae,0,direct,99,451,NA,NA,2,2368,stringent,unknown,1999,2020,21,Panama,South_America,4,NA,Armien et al. 2004,N,NA,Armien et al. 2004,1,1,20,20,CFR calculated from Panama outbreak because no other data,NA,all_recorded,20,Armien et al. 2004,4,20,Panama,1999,Armien et al. 2004,Only outbreak reported,1,inhalation_aerosolized_excreta,ssRNA(-),Mammalia,20,15088,1,15088,15088,1
Nelson Bay orthoreovirus,CHIROPTERA,0,1,Japan,2007,0,NA,192.92,Reoviridae,0,direct,2261,512,NA,NA,45,1308,stringent,2007,2007,2020,13,Japan,Asia,0,NA,Tao et al. 2019,N,NA,Tao et al. 2019,1,1,0,0,NA,Tao et al. 2019,all_recorded,0,Tao et al. 2019,0,1,Japan,2007,Tao et al. 2019,Only been one confirmed case in humans. Isolated from a bat 40 years prior,1,unknown,dsRNA,Mammalia,1,38220,1,38220,38220,1
Enterovirus A,PRIMATES,0,60180,Singapore,1970,0,NA,0,Picornaviridae,0,direct,4682,1442,NA,NA,270,502,stringent,pre-1950,1950,2020,70,unknown,unknown,0,NA,Harvala et al. 2014; Lim et al. 1973; https://wwwnc.cdc.gov/eid/article/18/2/11-1363_article#r14; Kono et al. 1975,N,NA,Harvala et al. 2014; Lim et al. 1973; https://wwwnc.cdc.gov/eid/article/18/2/11-1363_article#r14; Kono et al. 1975,1,1,0,0,NA,Harvala et al. 2014; Lim et al. 1973; https://wwwnc.cdc.gov/eid/article/18/2/11-1363_article#r14; Kono et al. 1975,subset,0,Harvala et al. 2014; Lim et al. 1973; https://wwwnc.cdc.gov/eid/article/18/2/11-1363_article#r14; Kono et al. 1975,0,60180,Singapore,1970,Harvala et al. 2014; Lim et al. 1973; https://wwwnc.cdc.gov/eid/article/18/2/11-1363_article#r14; Kono et al. 1975,The virus emerged from primates in Ghana and caused a global pandemic. Case numbers very difficult to find,4,fecal_oral,ssRNA(+),Mammalia,198171,56737,0.30367713,17229.7292,19367.4404,1
Enterovirus A,PRIMATES,0,137991,Morocco,1970,0,NA,0,Picornaviridae,0,direct,4682,1442,NA,NA,270,502,stringent,pre-1950,1950,2020,70,unknown,unknown,0,NA,Harvala et al. 2014; Lim et al. 1973; https://wwwnc.cdc.gov/eid/article/18/2/11-1363_article#r14; Kono et al. 1975,N,NA,Harvala et al. 2014; Lim et al. 1973; https://wwwnc.cdc.gov/eid/article/18/2/11-1363_article#r14; Kono et al. 1975,1,1,0,0,NA,Harvala et al. 2014; Lim et al. 1973; https://wwwnc.cdc.gov/eid/article/18/2/11-1363_article#r14; Kono et al. 1975,subset,0,Harvala et al. 2014; Lim et al. 1973; https://wwwnc.cdc.gov/eid/article/18/2/11-1363_article#r14; Kono et al. 1975,0,137991,Morocco,1970,Harvala et al. 2014; Lim et al. 1973; https://wwwnc.cdc.gov/eid/article/18/2/11-1363_article#r14; Kono et al. 1975,The virus emerged from primates in Ghana and caused a global pandemic. Case numbers very difficult to find,4,fecal_oral,ssRNA(+),Mammalia,198171,3070,0.69632287,2137.71122,19367.4404,1
